index,id,year,problem_number,gold_clean,predicted_answer,correct,response_length,confidence,completion_tokens,prompt_tokens,total_tokens
0,1983-1,1983,1,60,60,True,1361,1.0,581,117,698
1,1983-2,1983,2,15,15,True,1122,1.0,445,118,563
2,1983-3,1983,3,20,20,True,1496,1.0,683,95,778
3,1983-4,1983,4,26,26,True,1577,1.0,578,281,859
4,1983-5,1983,5,4,4,True,1398,1.0,650,102,752
5,1983-6,1983,6,35,14,False,2417,1.0,1210,84,1294
6,1983-7,1983,7,57,42,False,2816,1.0,788,136,924
7,1983-8,1983,8,61,61,True,3210,1.0,1367,81,1448
8,1983-9,1983,9,12,12,True,1224,1.0,484,88,572
9,1983-10,1983,10,432,432,True,2808,0.8,999,107,1106
10,1983-11,1983,11,288,504,False,2405,0.6,963,296,1259
11,1983-12,1983,12,65,86,False,1704,0.6,711,131,842
12,1983-13,1983,13,448,448,True,2263,0.6,684,178,862
13,1983-14,1983,14,130,130,True,2486,1.0,1067,320,1387
14,1983-15,1983,15,175,15,False,3000,0.8,1145,377,1522
15,1984-1,1984,1,93,98,False,1970,1.0,888,132,1020
16,1984-2,1984,2,592,592,True,1447,1.0,483,94,577
17,1984-3,1984,3,144,144,True,2210,1.0,802,399,1201
18,1984-4,1984,4,649,649,True,2131,0.6,837,133,970
19,1984-5,1984,5,512,512,True,2068,1.0,931,93,1024
20,1984-6,1984,6,24,24,True,1405,1.0,535,157,692
21,1984-7,1984,7,997,97,False,2002,1.0,956,126,1082
22,1984-8,1984,8,160,100,False,1878,1.0,786,103,889
23,1984-9,1984,9,20,20,True,1657,1.0,629,151,780
24,1984-10,1984,10,119,88,False,3255,0.6,1303,197,1500
25,1984-11,1984,11,106,106,True,1916,1.0,702,117,819
26,1984-12,1984,12,401,401,True,2308,1.0,882,149,1031
27,1984-13,1984,13,15,15,True,1616,1.0,763,89,852
28,1984-14,1984,14,38,34,False,4647,1.0,1275,72,1347
29,1985-1,1985,1,384,384,True,1661,1.0,878,103,981
30,1985-2,1985,2,26,26,True,1700,1.0,728,140,868
31,1985-3,1985,3,198,198,True,1871,1.0,902,100,1002
32,1985-4,1985,4,32,45,False,2646,1.0,983,141,1124
33,1985-5,1985,5,986,493,False,2691,1.0,1321,165,1486
34,1985-6,1985,6,315,70,False,1982,0.6,582,111,693
35,1985-7,1985,7,757,757,True,1936,1.0,848,112,960
36,1985-8,1985,8,61,86,False,2202,1.0,1024,245,1269
37,1985-9,1985,9,49,32,False,3626,0.6,1431,139,1570
38,1985-10,1985,10,600,15,False,2870,0.6,1076,143,1219
39,1985-11,1985,11,85,95,False,2142,1.0,894,101,995
40,1985-12,1985,12,182,210,False,3356,1.0,1552,184,1736
41,1985-13,1985,13,401,1,False,2569,1.0,1154,164,1318
42,1985-14,1985,14,25,20,False,2197,1.0,597,180,777
43,1985-15,1985,15,864,576,False,1597,1.0,494,160,654
44,1986-1,1986,1,337,337,True,980,1.0,367,87,454
45,1986-2,1986,2,104,104,True,1253,1.0,559,131,690
46,1986-3,1986,3,150,150,True,1259,1.0,539,84,623
47,1986-5,1986,5,890,890,True,1614,1.0,612,82,694
48,1986-6,1986,6,33,33,True,1811,1.0,715,124,839
49,1986-7,1986,7,981,981,True,1177,1.0,420,116,536
50,1986-8,1986,8,141,141,True,2207,1.0,920,95,1015
51,1986-9,1986,9,306,306,True,1768,1.0,558,128,686
52,1986-10,1986,10,358,456,False,2001,1.0,946,193,1139
53,1986-11,1986,11,816,816,True,1601,1.0,767,150,917
54,1986-12,1986,12,61,61,True,2324,1.0,1081,115,1196
55,1986-13,1986,13,560,2520,False,2526,1.0,741,171,912
56,1986-14,1986,14,750,90,False,2771,1.0,1113,123,1236
57,1986-15,1986,15,400,864,False,3381,1.0,1428,140,1568
58,1987-1,1987,1,300,300,True,1650,1.0,692,106,798
59,1987-2,1987,2,137,137,True,1805,1.0,594,105,699
60,1987-3,1987,3,182,182,True,2071,1.0,860,113,973
61,1987-4,1987,4,480,4800,False,2724,1.0,1225,85,1310
62,1987-5,1987,5,588,37,False,5506,1.0,3072,101,3173
63,1987-6,1987,6,193,193,True,2209,1.0,742,150,892
64,1987-7,1987,7,70,16,False,2098,1.0,945,131,1076
65,1987-8,1987,8,112,111,False,1716,1.0,695,100,795
66,1987-9,1987,9,33,33,True,1828,1.0,775,121,896
67,1987-10,1987,10,120,225,False,2270,1.0,768,140,908
68,1987-11,1987,11,486,59049,False,6519,1.0,2785,83,2868
69,1987-12,1987,12,19,10,False,3176,1.0,1440,105,1545
70,1987-14,1987,14,373,1,False,1791,1.0,861,149,1010
71,1987-15,1987,15,462,462,True,3109,0.6,1321,127,1448
72,1988-2,1988,2,169,169,True,2032,1.0,931,126,1057
73,1988-3,1988,3,27,27,True,1589,1.0,708,85,793
74,1988-5,1988,5,634,634,True,2151,1.0,890,102,992
75,1988-7,1988,7,110,105,False,1048,1.0,417,105,522
76,1988-8,1988,8,364,14,False,1762,1.0,839,130,969
77,1988-9,1988,9,192,192,True,888,1.0,297,67,364
78,1988-10,1988,10,840,876,False,2488,1.0,799,130,929
79,1988-13,1988,13,987,987,True,2624,1.0,1186,99,1285
80,1988-14,1988,14,84,300,False,1722,1.0,781,132,913
81,1988-15,1988,15,704,256,False,1416,1.0,399,238,637
82,1989-1,1989,1,869,869,True,1604,1.0,695,71,766
83,1989-2,1989,2,968,968,True,1111,1.0,338,87,425
84,1989-4,1989,4,675,675,True,1534,1.0,620,111,731
85,1989-5,1989,5,283,283,True,1892,1.0,666,131,797
86,1989-7,1989,7,925,925,True,1885,1.0,820,116,936
87,1989-8,1989,8,334,334,True,1820,1.0,877,288,1165
88,1989-9,1989,9,144,144,True,1060,1.0,490,121,611
89,1989-11,1989,11,947,999,False,2559,0.6,970,166,1136
90,1989-13,1989,13,905,853,False,2339,1.0,794,128,922
91,1990-1,1990,1,528,529,False,3907,1.0,1849,105,1954
92,1990-2,1990,2,828,144,False,1876,1.0,778,89,867
93,1990-3,1990,3,117,117,True,2651,1.0,1214,157,1371
94,1990-5,1990,5,432,432,True,2314,1.0,961,113,1074
95,1990-6,1990,6,840,1400,False,2620,1.0,887,220,1107
96,1990-7,1990,7,89,89,True,2063,1.0,895,136,1031
97,1990-9,1990,9,73,73,True,1727,1.0,650,104,754
98,1990-10,1990,10,144,144,True,1906,1.0,734,153,887
99,1990-11,1990,11,23,6,False,5984,1.0,2754,114,2868
100,1990-13,1990,13,184,184,True,1820,1.0,787,141,928
101,1990-14,1990,14,594,78,False,2660,1.0,958,214,1172
102,1990-15,1990,15,20,20,True,1345,1.0,611,135,746
103,1991-1,1991,1,146,146,True,1945,1.0,830,119,949
104,1991-2,1991,2,840,840,True,2228,1.0,1110,255,1365
105,1991-4,1991,4,159,,False,2376,0.6,763,86,849
106,1991-5,1991,5,128,128,True,1622,1.0,485,102,587
107,1991-8,1991,8,10,10,True,2185,1.0,1019,95,1114
108,1991-9,1991,9,44,44,True,2096,1.0,1013,101,1114
109,1991-10,1991,10,532,343,False,3445,0.6,1189,258,1447
110,1991-11,1991,11,135,135,True,2438,1.0,1063,440,1503
111,1991-12,1991,12,677,141,False,1750,0.6,646,221,867
112,1991-13,1991,13,990,990,True,1737,1.0,758,129,887
113,1991-14,1991,14,384,243,False,2423,0.8,755,115,870
114,1992-1,1992,1,400,400,True,2430,1.0,1128,80,1208
115,1992-2,1992,2,502,502,True,1511,1.0,486,92,578
116,1992-3,1992,3,164,164,True,1828,0.6,708,148,856
117,1992-4,1992,4,62,62,True,1878,1.0,837,567,1404
118,1992-5,1992,5,660,660,True,2248,1.0,799,165,964
119,1992-6,1992,6,156,729,False,1772,1.0,568,101,669
120,1992-7,1992,7,320,320,True,1806,1.0,734,152,886
121,1992-8,1992,8,819,807,False,3146,0.6,1371,187,1558
122,1992-9,1992,9,164,146,False,2947,1.0,1388,198,1586
123,1992-10,1992,10,572,972,False,2454,1.0,1042,147,1189
124,1992-11,1992,11,945,945,True,1682,1.0,604,266,870
125,1992-12,1992,12,792,210,False,1363,0.6,369,247,616
126,1992-13,1992,13,820,180,False,927,1.0,365,96,461
127,1992-14,1992,14,94,1,False,806,1.0,271,184,455
128,1992-15,1992,15,396,12,False,2301,1.0,934,114,1048
129,1993-1,1993,1,728,728,True,3440,1.0,1263,73,1336
130,1993-2,1993,2,580,0,False,1251,1.0,407,176,583
131,1993-4,1993,4,870,0,False,2795,1.0,1285,108,1393
132,1993-5,1993,5,763,59547,False,1419,1.0,626,135,761
133,1993-6,1993,6,495,495,True,1783,1.0,603,86,689
134,1993-7,1993,7,5,721,False,1910,0.6,469,229,698
135,1993-8,1993,8,365,466,False,2057,1.0,677,161,838
136,1993-9,1993,9,118,36,False,5469,0.6,2619,189,2808
137,1993-10,1993,10,250,4160,False,2785,0.6,1082,164,1246
138,1993-11,1993,11,93,323,False,3189,0.6,1117,165,1282
139,1993-12,1993,12,344,1408,False,4432,1.0,2095,278,2373
140,1993-13,1993,13,163,101,False,2143,1.0,559,183,742
141,1993-14,1993,14,448,784,False,2136,1.0,624,145,769
142,1993-15,1993,15,997,1995,False,2633,1.0,1075,184,1259
143,1994-1,1994,1,63,360,False,1879,1.0,860,118,978
144,1994-2,1994,2,312,780,False,2092,1.0,618,186,804
145,1994-8,1994,8,315,1156,False,2145,1.0,942,96,1038
146,1994-9,1994,9,394,5987519,False,2571,1.0,755,177,932
147,1994-10,1994,10,450,450,True,2149,1.0,1015,142,1157
148,1994-11,1994,11,465,1411,False,1831,1.0,506,147,653
149,1994-12,1994,12,702,312,False,3236,1.0,1097,155,1252
150,1994-14,1994,14,71,10,False,2706,1.0,797,206,1003
151,1994-15,1994,15,597,6485,False,1620,1.0,686,243,929
152,1995-1,1995,1,255,85,False,2671,1.0,1058,236,1294
153,1995-2,1995,2,25,025,True,1956,1.0,946,89,1035
154,1995-3,1995,3,67,2051,False,1755,1.0,605,153,758
155,1995-4,1995,4,224,288,False,3226,1.0,1010,114,1124
156,1995-5,1995,5,51,52,False,2534,0.8,877,138,1015
157,1995-6,1995,6,589,589,True,1500,1.0,574,97,671
158,1995-8,1995,8,85,245,False,3367,1.0,1543,94,1637
159,1995-9,1995,9,616,504,False,2210,1.0,1005,161,1166
160,1995-10,1995,10,215,41,False,2438,0.8,675,78,753
161,1995-11,1995,11,40,4000,False,4087,0.8,1526,166,1692
162,1995-12,1995,12,5,2,False,2759,0.8,1051,164,1215
163,1995-13,1995,13,400,30,False,6093,0.6,3072,92,3164
164,1995-14,1995,14,378,390,False,2740,1.0,866,173,1039
165,1995-15,1995,15,37,37,True,3434,1.0,1566,134,1700
166,1996-2,1996,2,340,340,True,1940,1.0,828,122,950
167,1996-3,1996,3,44,44,True,1822,1.0,747,97,844
168,1996-4,1996,4,166,97000,False,3082,1.0,1039,140,1179
169,1996-5,1996,5,23,23,True,1003,1.0,424,131,555
170,1996-6,1996,6,49,11,False,2558,1.0,706,138,844
171,1996-7,1996,7,300,300,True,3074,1.0,1066,108,1174
172,1996-8,1996,8,799,210,False,2548,0.6,1018,110,1128
173,1996-9,1996,9,342,1024,False,1916,1.0,660,164,824
174,1996-10,1996,10,159,140,False,2972,1.0,1585,111,1696
175,1996-11,1996,11,276,309,False,1984,1.0,808,143,951
176,1996-12,1996,12,58,58,True,2470,1.0,1108,184,1292
177,1996-13,1996,13,65,2,False,3189,1.0,1420,183,1603
178,1996-14,1996,14,768,768,True,913,1.0,337,119,456
179,1996-15,1996,15,777,0,False,2922,1.0,1072,141,1213
180,1997-1,1997,1,750,750,True,2124,1.0,673,84,757
181,1997-2,1997,2,125,125,True,2322,1.0,993,121,1114
182,1997-3,1997,3,126,126,True,2599,1.0,1171,127,1298
183,1997-4,1997,4,17,17,True,4110,1.0,1898,97,1995
184,1997-5,1997,5,417,417,True,1478,1.0,619,146,765
185,1997-6,1997,6,42,12,False,4130,1.0,1788,134,1922
186,1997-7,1997,7,198,198,True,3175,1.0,1404,184,1588
187,1997-8,1997,8,90,90,True,2209,1.0,608,102,710
188,1997-9,1997,9,233,1,False,2563,1.0,956,170,1126
189,1997-10,1997,10,117,1080,False,2179,1.0,568,223,791
190,1997-11,1997,11,241,241,True,2302,1.0,1023,112,1135
191,1997-12,1997,12,58,58,True,2725,1.0,1265,152,1417
192,1997-14,1997,14,582,2330,False,2538,1.0,1152,127,1279
193,1997-15,1997,15,554,103,False,1912,1.0,681,156,837
194,1998-1,1998,1,25,25,True,1967,1.0,834,93,927
195,1998-2,1998,2,480,240,False,3896,1.0,2155,95,2250
196,1998-3,1998,3,800,800,True,2263,1.0,1064,91,1155
197,1998-4,1998,4,17,31,False,2700,0.4,881,130,1011
198,1998-5,1998,5,40,0,False,3063,1.0,1482,108,1590
199,1998-6,1998,6,308,168,False,2548,0.8,971,135,1106
200,1998-7,1998,7,196,196,True,1263,1.0,534,110,644
201,1998-8,1998,8,618,22276281,False,3981,1.0,3072,125,3197
202,1998-9,1998,9,87,87,True,2433,1.0,890,166,1056
203,1998-10,1998,10,152,102,False,2547,1.0,920,166,1086
204,1998-11,1998,11,525,300,False,2018,1.0,796,179,975
205,1998-12,1998,12,83,1297,False,1822,0.8,593,251,844
206,1998-13,1998,13,368,23040,False,2069,1.0,924,228,1152
207,1998-14,1998,14,130,130,True,2438,1.0,1142,125,1267
208,1998-15,1998,15,761,780,False,1693,1.0,448,179,627
209,1999-1,1999,1,29,342,False,6708,1.0,3072,76,3148
210,1999-2,1999,2,118,118,True,1269,1.0,435,140,575
211,1999-3,1999,3,38,38,True,3028,1.0,1348,81,1429
212,1999-4,1999,4,185,52091,False,1951,1.0,712,145,857
213,1999-5,1999,5,223,19,False,2045,1.0,852,148,1000
214,1999-6,1999,6,314,300,False,1887,1.0,876,175,1051
215,1999-7,1999,7,650,525,False,2442,0.6,923,275,1198
216,1999-8,1999,8,25,1,False,3007,1.0,1168,213,1381
217,1999-9,1999,9,259,259,True,2254,1.0,1003,161,1164
218,1999-10,1999,10,489,489,True,2569,1.0,1027,137,1164
219,1999-11,1999,11,177,177,True,1634,1.0,699,113,812
220,1999-12,1999,12,345,300,False,2676,1.0,832,107,939
221,1999-13,1999,13,742,780,False,1863,1.0,544,144,688
222,1999-14,1999,14,463,463,True,1271,1.0,532,148,680
223,1999-15,1999,15,408,408,True,1977,1.0,753,120,873
224,2000-I-1,2000,1,8,8,True,1949,0.8,605,96,701
225,2000-I-2,2000,2,21,21,True,2797,1.0,1166,171,1337
226,2000-I-3,2000,3,667,668,False,1537,1.0,710,106,816
227,2000-I-4,2000,4,260,106,False,3126,0.6,847,277,1124
228,2000-I-5,2000,5,26,26,True,1971,1.0,805,149,954
229,2000-I-6,2000,6,997,0,False,2979,1.0,1262,112,1374
230,2000-I-7,2000,7,5,5,True,1654,1.0,771,150,921
231,2000-I-8,2000,8,52,16,False,2544,1.0,915,173,1088
232,2000-I-9,2000,9,25,25,True,2990,1.0,1597,214,1811
233,2000-I-10,2000,10,173,173,True,1921,1.0,853,163,1016
234,2000-I-11,2000,11,248,0,False,2912,1.0,1305,112,1417
235,2000-I-12,2000,12,177,500,False,2476,0.4,943,139,1082
236,2000-I-13,2000,13,731,650,False,2619,1.0,895,157,1052
237,2000-I-14,2000,14,571,500,False,1992,1.0,734,153,887
238,2000-I-15,2000,15,927,1998,False,2273,1.0,694,269,963
239,2000-II-2,2000,2,98,168,False,1856,1.0,774,94,868
240,2000-II-3,2000,3,758,760,False,2577,1.0,795,146,941
241,2000-II-4,2000,4,180,72,False,1958,0.8,767,74,841
242,2000-II-5,2000,5,376,175,False,2651,1.0,746,118,864
243,2000-II-6,2000,6,181,225,False,2879,1.0,1209,163,1372
244,2000-II-8,2000,8,110,110,True,2397,1.0,1075,135,1210
245,2000-II-9,2000,9,0,0,True,1375,1.0,655,110,765
246,2000-II-10,2000,10,647,324,False,2292,1.0,951,133,1084
247,2000-II-11,2000,11,131,14,False,2577,1.0,1142,172,1314
248,2000-II-12,2000,12,118,868,False,2469,1.0,1060,183,1243
249,2000-II-13,2000,13,200,8,False,2789,1.0,1119,142,1261
250,2000-II-14,2000,14,495,0,False,1987,1.0,773,240,1013
251,2001-I-1,2001,1,630,1260,False,2241,1.0,957,71,1028
252,2001-I-2,2001,2,651,651,True,2541,1.0,1146,149,1295
253,2001-I-3,2001,3,500,1001,False,1700,1.0,677,103,780
254,2001-I-4,2001,4,291,48,False,2483,0.6,1033,169,1202
255,2001-I-5,2001,5,937,361,False,2661,1.0,1183,133,1316
256,2001-I-6,2001,6,79,79,True,2019,1.0,679,111,790
257,2001-I-7,2001,7,923,451,False,2392,0.8,1000,168,1168
258,2001-I-8,2001,8,315,51,False,2721,1.0,1323,136,1459
259,2001-I-9,2001,9,61,61,True,1754,1.0,718,237,955
260,2001-I-10,2001,10,200,229,False,2694,1.0,1053,157,1210
261,2001-I-11,2001,11,149,21,False,2136,0.4,971,275,1246
262,2001-I-12,2001,12,5,7,False,3203,1.0,1405,137,1542
263,2001-I-13,2001,13,174,11,False,4766,0.6,2239,162,2401
264,2001-I-14,2001,14,351,66012,False,2715,1.0,1161,119,1280
265,2001-I-15,2001,15,85,29,False,1219,1.0,324,155,479
266,2001-II-1,2001,1,816,816,True,1428,1.0,412,99,511
267,2001-II-2,2001,2,298,300,False,1655,1.0,635,154,789
268,2001-II-3,2001,3,898,256,False,2223,1.0,1174,177,1351
269,2001-II-4,2001,4,67,67,True,2777,1.0,1340,152,1492
270,2001-II-5,2001,5,253,8,False,2583,0.6,903,131,1034
271,2001-II-6,2001,6,251,21,False,2422,0.4,860,160,1020
272,2001-II-7,2001,7,725,450,False,2195,1.0,874,288,1162
273,2001-II-8,2001,8,429,1,False,1655,0.6,696,135,831
274,2001-II-9,2001,9,929,921,False,3796,0.8,1124,135,1259
275,2001-II-10,2001,10,784,784,True,1843,1.0,772,110,882
276,2001-II-11,2001,11,341,802,False,2012,1.0,776,151,927
277,2001-II-12,2001,12,101,7,False,1893,1.0,637,186,823
278,2001-II-13,2001,13,69,29,False,2605,1.0,1089,151,1240
279,2001-II-14,2001,14,840,2160,False,2128,1.0,825,187,1012
280,2001-II-15,2001,15,417,384,False,2266,1.0,820,280,1100
281,2002-I-1,2002,1,59,9971,False,3483,1.0,1099,151,1250
282,2002-I-2,2002,2,154,362,False,2740,1.0,827,270,1097
283,2002-I-3,2002,3,25,9,False,3040,0.6,1127,139,1266
284,2002-I-4,2002,4,840,87,False,2710,1.0,1108,126,1234
285,2002-I-5,2002,5,183,12,False,2506,1.0,651,128,779
286,2002-I-6,2002,6,12,12,True,2223,1.0,1037,155,1192
287,2002-I-8,2002,8,748,34,False,2148,0.6,1023,135,1158
288,2002-I-9,2002,9,757,333,False,1432,1.0,463,181,644
289,2002-I-10,2002,10,148,,False,0,0.0,0,0,0
290,2002-I-11,2002,11,230,10687,False,2492,1.0,933,204,1137
291,2002-I-12,2002,12,275,1,False,2424,1.0,1157,149,1306
292,2002-I-13,2002,13,63,219,False,2407,1.0,864,167,1031
293,2002-I-14,2002,14,30,2002,False,2227,1.0,815,157,972
294,2002-I-15,2002,15,163,353,False,2055,0.6,949,223,1172
295,2002-II-1,2002,1,9,90,False,1210,1.0,457,115,572
296,2002-II-2,2002,2,294,294,True,1486,1.0,657,101,758
297,2002-II-3,2002,3,111,111,True,1896,0.6,822,125,947
298,2002-II-4,2002,4,803,203,False,2078,1.0,680,185,865
299,2002-II-5,2002,5,42,12,False,3655,0.6,1706,99,1805
300,2002-II-6,2002,6,521,521,True,2582,1.0,1204,87,1291
301,2002-II-8,2002,8,49,5,False,6146,0.8,3072,119,3191
302,2002-II-9,2002,9,501,502,False,2859,1.0,970,133,1103
303,2002-II-10,2002,10,900,900,True,2269,1.0,1005,174,1179
304,2002-II-11,2002,11,518,104,False,2420,0.8,1057,158,1215
305,2002-II-12,2002,12,660,233480,False,2637,1.0,1185,205,1390
306,2002-II-13,2002,13,901,73,False,3296,1.0,972,234,1206
307,2002-II-14,2002,14,98,135,False,2638,1.0,912,148,1060
308,2002-II-15,2002,15,282,38,False,2582,0.6,1032,199,1231
309,2003-I-2,2003,2,301,301,True,2109,1.0,787,169,956
310,2003-I-3,2003,3,484,476,False,2539,1.0,993,136,1129
311,2003-I-4,2003,4,12,12,True,1684,1.0,732,116,848
312,2003-I-5,2003,5,505,505,True,1998,1.0,695,139,834
313,2003-I-6,2003,6,348,500,False,2293,1.0,673,112,785
314,2003-I-7,2003,7,380,440,False,2650,1.0,1172,132,1304
315,2003-I-8,2003,8,129,210,False,2239,1.0,981,99,1080
316,2003-I-9,2003,9,615,670,False,2098,1.0,903,99,1002
317,2003-I-10,2003,10,83,150,False,1674,1.0,615,125,740
318,2003-I-11,2003,11,92,5,False,3114,0.8,1251,171,1422
319,2003-I-12,2003,12,777,777,True,1911,1.0,870,142,1012
320,2003-I-13,2003,13,155,495,False,2015,1.0,721,106,827
321,2003-I-14,2003,14,127,0.9428571428571,False,4613,0.8,3072,114,3186
322,2003-I-15,2003,15,289,9,False,2214,1.0,724,213,937
323,2003-II-1,2003,1,336,336,True,1758,1.0,782,93,875
324,2003-II-2,2003,2,120,201,False,1221,1.0,386,88,474
325,2003-II-3,2003,3,192,192,True,2294,1.0,1010,145,1155
326,2003-II-4,2003,4,28,9,False,2137,1.0,667,121,788
327,2003-II-5,2003,5,216,216,True,1914,1.0,501,164,665
328,2003-II-6,2003,6,112,168,False,1547,1.0,499,157,656
329,2003-II-7,2003,7,400,625,False,1367,1.0,456,100,556
330,2003-II-8,2003,8,348,18156,False,1645,1.0,687,94,781
331,2003-II-9,2003,9,6,8,False,1156,1.0,589,167,756
332,2003-II-10,2003,10,156,452,False,2145,1.0,959,92,1051
333,2003-II-11,2003,11,578,390,False,2488,1.0,1075,196,1271
334,2003-II-12,2003,12,134,200,False,1969,1.0,622,120,742
335,2003-II-13,2003,13,683,683,True,2796,1.0,1107,138,1245
336,2003-II-14,2003,14,51,23,False,3315,0.6,1277,225,1502
337,2004-I-1,2004,1,217,147,False,2071,1.0,1024,95,1119
338,2004-I-2,2004,2,201,201,True,2186,1.0,905,120,1025
339,2004-I-3,2004,3,241,241,True,1151,1.0,344,130,474
340,2004-I-4,2004,4,86,200,False,2976,1.0,1065,122,1187
341,2004-I-5,2004,5,849,399,False,2269,1.0,810,251,1061
342,2004-I-6,2004,6,882,126,False,1658,0.6,531,137,668
343,2004-I-7,2004,7,588,6580,False,1983,1.0,773,112,885
344,2004-I-9,2004,9,35,0,False,11606,0.4,3072,215,3287
345,2004-I-10,2004,10,817,2041,False,2922,0.8,958,124,1082
346,2004-I-11,2004,11,512,8,False,3867,1.0,1559,193,1752
347,2004-I-12,2004,12,14,14,True,3257,0.8,1433,206,1639
348,2004-I-13,2004,13,482,11,False,2309,1.0,961,214,1175
349,2004-I-14,2004,14,813,104,False,3583,1.0,1069,181,1250
350,2004-I-15,2004,15,511,11,False,2129,0.8,678,238,916
351,2004-II-1,2004,1,592,592,True,2381,1.0,887,187,1074
352,2004-II-2,2004,2,441,441,True,3412,1.0,1202,125,1327
353,2004-II-3,2004,3,384,585,False,1432,1.0,459,115,574
354,2004-II-4,2004,4,927,927,True,2526,1.0,957,72,1029
355,2004-II-5,2004,5,766,766,True,3327,1.0,1202,219,1421
356,2004-II-6,2004,6,408,72,False,2539,0.6,946,204,1150
357,2004-II-7,2004,7,293,293,True,3064,1.0,1243,406,1649
358,2004-II-8,2004,8,54,6,False,1803,1.0,800,82,882
359,2004-II-9,2004,9,973,842,False,2292,1.0,974,204,1178
360,2004-II-10,2004,10,913,309,False,1962,1.0,778,126,904
361,2004-II-11,2004,11,625,625,True,2612,1.0,1009,150,1159
362,2004-II-12,2004,12,134,15,False,1519,1.0,587,199,786
363,2004-II-13,2004,13,484,26,False,1356,1.0,403,146,549
364,2004-II-14,2004,14,108,910,False,2173,0.8,742,154,896
365,2004-II-15,2004,15,593,924,False,2080,1.0,752,228,980
366,2005-I-1,2005,1,942,942,True,1794,1.0,521,122,643
367,2005-I-2,2005,2,12,12,True,1251,1.0,471,131,602
368,2005-I-3,2005,3,109,4,False,1076,1.0,362,80,442
369,2005-I-4,2005,4,294,294,True,4277,1.0,1833,134,1967
370,2005-I-5,2005,5,630,140,False,1658,1.0,405,128,533
371,2005-I-6,2005,6,45,45,True,1325,1.0,619,97,716
372,2005-I-7,2005,7,150,42,False,1480,1.0,669,122,791
373,2005-I-8,2005,8,113,38,False,2500,1.0,1150,123,1273
374,2005-I-9,2005,9,74,1,False,6950,1.0,3072,165,3237
375,2005-I-10,2005,10,47,47,True,2713,1.0,1304,138,1442
376,2005-I-11,2005,11,544,528,False,2239,1.0,796,95,891
377,2005-I-12,2005,12,25,1,False,1436,1.0,472,196,668
378,2005-I-14,2005,14,936,850,False,2267,1.0,762,138,900
379,2005-I-15,2005,15,38,103,False,2510,1.0,855,121,976
380,2005-II-1,2005,1,13,13,True,1528,1.0,652,118,770
381,2005-II-2,2005,2,79,79,True,1717,1.0,505,158,663
382,2005-II-3,2005,3,802,802,True,1824,1.0,770,121,891
383,2005-II-4,2005,4,435,436,False,2332,0.6,1017,86,1103
384,2005-II-5,2005,5,54,54,True,1790,1.0,719,112,831
385,2005-II-6,2005,6,392,262,False,1894,1.0,618,235,853
386,2005-II-7,2005,7,125,2,False,2817,1.0,1394,111,1505
387,2005-II-8,2005,8,405,15,False,1411,1.0,551,207,758
388,2005-II-9,2005,9,250,250,True,1857,1.0,707,100,807
389,2005-II-10,2005,10,11,7,False,1979,1.0,640,125,765
390,2005-II-11,2005,11,889,889,True,1556,1.0,755,152,907
391,2005-II-12,2005,12,307,251,False,2958,0.6,1548,161,1709
392,2005-II-13,2005,13,418,180,False,3319,1.0,1740,123,1863
393,2005-II-14,2005,14,463,9,False,1038,1.0,403,144,547
394,2005-II-15,2005,15,169,,False,0,0.0,0,0,0
395,2006-I-1,2006,1,84,84,True,1265,1.0,466,110,576
396,2006-I-2,2006,2,901,901,True,2158,1.0,827,114,941
397,2006-I-3,2006,3,725,725,True,1747,1.0,672,82,754
398,2006-I-4,2006,4,124,820,False,2653,1.0,1178,110,1288
399,2006-I-5,2006,5,936,468,False,1777,1.0,870,135,1005
400,2006-I-6,2006,6,360,450,False,2639,0.8,900,109,1009
401,2006-I-7,2006,7,408,11,False,2896,1.0,931,389,1320
402,2006-I-8,2006,8,89,2006,False,2426,0.4,780,417,1197
403,2006-I-9,2006,9,46,137,False,2682,0.6,1131,141,1272
404,2006-I-10,2006,10,65,46,False,1727,1.0,604,280,884
405,2006-I-12,2006,12,906,150,False,1556,1.0,599,116,715
406,2006-I-13,2006,13,899,8,False,5397,0.8,2227,154,2381
407,2006-I-14,2006,14,183,75,False,3077,0.4,955,226,1181
408,2006-I-15,2006,15,27,0,False,1526,1.0,671,115,786
409,2006-II-1,2006,1,46,46,True,2406,1.0,856,130,986
410,2006-II-2,2006,2,893,893,True,2033,1.0,776,116,892
411,2006-II-3,2006,3,49,49,True,2694,1.0,1038,91,1129
412,2006-II-5,2006,5,29,17,False,2517,1.0,1001,220,1221
413,2006-II-6,2006,6,12,23,False,3305,1.0,1528,187,1715
414,2006-II-7,2006,7,738,6561,False,1689,1.0,608,90,698
415,2006-II-8,2006,8,336,336,True,2758,1.0,732,255,987
416,2006-II-9,2006,9,27,20,False,5840,1.0,3072,254,3326
417,2006-II-10,2006,10,831,831,True,3569,0.6,1631,188,1819
418,2006-II-11,2006,11,834,924,False,2688,1.0,1484,175,1659
419,2006-II-12,2006,12,865,8,False,3122,1.0,1297,284,1581
420,2006-II-13,2006,13,15,2,False,2375,1.0,817,93,910
421,2006-II-14,2006,14,63,36,False,3440,0.8,1536,103,1639
422,2006-II-15,2006,15,9,7,False,1254,1.0,531,219,750
423,2007-I-1,2007,1,83,83,True,925,1.0,304,72,376
424,2007-I-2,2007,2,52,22,False,2069,1.0,785,194,979
425,2007-I-3,2007,3,15,15,True,1566,1.0,754,116,870
426,2007-I-4,2007,4,105,420,False,1084,1.0,382,131,513
427,2007-I-5,2007,5,539,969,False,2254,1.0,677,143,820
428,2007-I-6,2007,6,169,2,False,1531,1.0,622,190,812
429,2007-I-7,2007,7,477,477,True,1837,1.0,786,168,954
430,2007-I-8,2007,8,30,25,False,1831,1.0,734,129,863
431,2007-I-9,2007,9,737,5,False,1783,1.0,637,237,874
432,2007-I-10,2007,10,860,120,False,3824,1.0,1350,152,1502
433,2007-I-11,2007,11,955,740,False,2321,1.0,989,154,1143
434,2007-I-12,2007,12,875,12.5,False,3621,1.0,1482,210,1692
435,2007-I-13,2007,13,80,128,False,2929,1.0,1154,124,1278
436,2007-I-14,2007,14,224,2,False,2215,1.0,916,153,1069
437,2007-I-15,2007,15,989,3,False,2083,1.0,762,201,963
438,2007-II-1,2007,1,372,102,False,2475,1.0,771,147,918
439,2007-II-2,2007,2,200,199,False,2301,1.0,1014,113,1127
440,2007-II-4,2007,4,450,450,True,1372,1.0,516,172,688
441,2007-II-5,2007,5,888,1003,False,2174,1.0,705,114,819
442,2007-II-6,2007,6,640,210,False,3886,0.6,1175,137,1312
443,2007-II-7,2007,7,553,553,True,1475,1.0,650,229,879
444,2007-II-9,2007,9,259,46,False,2290,0.6,1121,150,1271
445,2007-II-10,2007,10,710,2746,False,2717,0.6,1031,209,1240
446,2007-II-11,2007,11,179,193,False,1802,0.6,491,221,712
447,2007-II-12,2007,12,91,103,False,3682,1.0,1784,157,1941
448,2007-II-13,2007,13,640,1024,False,3634,0.6,1497,302,1799
449,2007-II-14,2007,14,676,626,False,2135,0.8,941,123,1064
450,2007-II-15,2007,15,389,11,False,2306,0.8,804,224,1028
451,2008-I-1,2008,1,252,252,True,1414,1.0,500,130,630
452,2008-I-2,2008,2,25,16,False,2437,1.0,762,125,887
453,2008-I-3,2008,3,314,314,True,2291,1.0,983,180,1163
454,2008-I-4,2008,4,80,80,True,1897,1.0,836,96,932
455,2008-I-5,2008,5,14,14,True,2343,1.0,777,196,973
456,2008-I-6,2008,6,17,0,False,2091,1.0,617,151,768
457,2008-I-7,2008,7,708,708,True,2493,0.6,887,157,1044
458,2008-I-8,2008,8,47,47,True,1821,1.0,889,119,1008
459,2008-I-9,2008,9,190,190,True,3042,1.0,1459,166,1625
460,2008-I-10,2008,10,32,27,False,2737,1.0,1147,228,1375
461,2008-I-11,2008,11,172,21,False,2395,1.0,1016,143,1159
462,2008-I-12,2008,12,375,29,False,6292,1.0,3072,219,3291
463,2008-I-13,2008,13,40,4,False,2159,1.0,784,291,1075
464,2008-I-14,2008,14,432,324,False,3368,1.0,1302,162,1464
465,2008-II-1,2008,1,100,100,True,2313,1.0,1084,140,1224
466,2008-II-2,2008,2,620,620,True,2142,1.0,621,141,762
467,2008-II-3,2008,3,729,182,False,1693,1.0,437,145,582
468,2008-II-4,2008,4,21,21,True,1659,0.6,764,174,938
469,2008-II-5,2008,5,504,504,True,2371,1.0,953,156,1109
470,2008-II-6,2008,6,561,3,False,1972,1.0,1031,215,1246
471,2008-II-7,2008,7,753,753,True,1326,1.0,611,119,730
472,2008-II-8,2008,8,251,1004,False,1948,1.0,731,131,862
473,2008-II-9,2008,9,19,1500,False,1772,1.0,725,146,871
474,2008-II-11,2008,11,254,80,False,2510,1.0,819,213,1032
475,2008-II-12,2008,12,310,310,True,3585,1.0,1171,144,1315
476,2008-II-13,2008,13,29,12,False,2283,0.4,772,163,935
477,2008-II-14,2008,14,7,4,False,4205,1.0,2170,195,2365
478,2009-I-1,2009,1,840,124,False,3923,1.0,1413,95,1508
479,2009-I-2,2009,2,697,697,True,1204,1.0,529,98,627
480,2009-I-3,2009,3,11,11,True,1908,1.0,835,150,985
481,2009-I-4,2009,4,177,177,True,2710,1.0,1160,162,1322
482,2009-I-5,2009,5,72,72,True,2189,0.6,710,194,904
483,2009-I-6,2009,6,412,412,True,1625,1.0,673,95,768
484,2009-I-7,2009,7,41,41,True,2213,1.0,1063,140,1203
485,2009-I-8,2009,8,398,445,False,2223,1.0,1027,124,1151
486,2009-I-9,2009,9,420,1435,False,2565,1.0,1144,183,1327
487,2009-I-10,2009,10,346,120,False,2665,0.8,740,206,946
488,2009-I-11,2009,11,600,600,True,2066,1.0,806,122,928
489,2009-I-12,2009,12,11,3518,False,2472,1.0,934,208,1142
490,2009-I-13,2009,13,90,3,False,2010,0.6,972,125,1097
491,2009-I-14,2009,14,905,915,False,3717,0.6,2055,147,2202
492,2009-I-15,2009,15,150,115,False,2470,1.0,906,223,1129
493,2009-II-1,2009,1,114,130,False,6440,1.0,3072,163,3235
494,2009-II-2,2009,2,469,87,False,2190,1.0,1121,171,1292
495,2009-II-3,2009,3,141,141,True,1179,1.0,504,106,610
496,2009-II-4,2009,4,89,89,True,2733,1.0,1187,127,1314
497,2009-II-5,2009,5,32,32,True,3713,1.0,1475,355,1830
498,2009-II-6,2009,6,750,750,True,2068,1.0,746,108,854
499,2009-II-7,2009,7,401,804009,False,3460,1.0,1717,173,1890
500,2009-II-8,2009,8,41,113,False,3950,1.0,1723,142,1865
501,2009-II-9,2009,9,0,0,True,2215,1.0,795,133,928
502,2009-II-10,2009,10,96,336,False,2165,1.0,913,292,1205
503,2009-II-11,2009,11,125,24.5,False,8503,1.0,3072,117,3189
504,2009-II-12,2009,12,803,1004,False,1632,1.0,557,140,697
505,2009-II-13,2009,13,672,1,False,2892,1.0,1245,158,1403
506,2009-II-14,2009,14,983,912,False,2375,1.0,1194,129,1323
507,2009-II-15,2009,15,14,9,False,2956,1.0,1211,234,1445
508,2010-I-1,2010,1,107,107,True,2429,1.0,923,142,1065
509,2010-I-2,2010,2,109,379,False,3162,1.0,1439,108,1547
510,2010-I-3,2010,3,529,529,True,1879,1.0,792,118,910
511,2010-I-4,2010,4,515,907,False,3600,1.0,1268,133,1401
512,2010-I-5,2010,5,501,1003,False,2486,1.0,908,133,1041
513,2010-I-6,2010,6,406,406,True,3251,1.0,1546,128,1674
514,2010-I-7,2010,7,760,760,True,2031,1.0,702,231,933
515,2010-I-8,2010,8,132,132,True,2313,1.0,910,215,1125
516,2010-I-9,2010,9,158,158,True,2256,1.0,1202,154,1356
517,2010-I-10,2010,10,202,100,False,2424,1.0,1110,194,1304
518,2010-I-11,2010,11,365,138,False,2798,1.0,1156,202,1358
519,2010-I-12,2010,12,243,9,False,2687,1.0,1002,178,1180
520,2010-I-13,2010,13,69,129,False,3631,1.0,1564,240,1804
521,2010-I-14,2010,14,109,100,False,2264,1.0,918,140,1058
522,2010-I-15,2010,15,45,3,False,2614,1.0,1065,159,1224
523,2010-II-1,2010,1,640,640,True,2458,1.0,896,99,995
524,2010-II-2,2010,2,281,281,True,2735,1.0,970,146,1116
525,2010-II-3,2010,3,150,140,False,2471,1.0,1186,115,1301
526,2010-II-4,2010,4,52,52,True,2942,1.0,1070,159,1229
527,2010-II-5,2010,5,75,75,True,1667,1.0,858,155,1013
528,2010-II-6,2010,6,8,2,False,2504,1.0,933,93,1026
529,2010-II-7,2010,7,136,0,False,2791,1.0,1209,143,1352
530,2010-II-9,2010,9,11,5,False,2565,1.0,947,226,1173
531,2010-II-10,2010,10,163,64,False,2100,1.0,749,83,832
532,2010-II-12,2010,12,676,110,False,2318,0.6,1035,103,1138
533,2010-II-13,2010,13,263,263,True,3767,1.0,1612,221,1833
534,2010-II-14,2010,14,7,7,True,2466,0.6,961,179,1140
535,2010-II-15,2010,15,218,2,False,1821,1.0,565,232,797
536,2011-I-1,2011,1,85,72,False,2703,1.0,1226,202,1428
537,2011-I-2,2011,2,36,31,False,2854,1.0,1092,213,1305
538,2011-I-3,2011,3,31,0,False,3237,1.0,1346,222,1568
539,2011-I-4,2011,4,56,56,True,3155,1.0,1364,175,1539
540,2011-I-5,2011,5,144,432,False,2282,1.0,662,136,798
541,2011-I-6,2011,6,11,3,False,2275,1.0,1043,157,1200
542,2011-I-7,2011,7,16,0,False,2468,0.6,897,124,1021
543,2011-I-9,2011,9,192,192,True,2685,1.0,1132,107,1239
544,2011-I-10,2011,10,503,25,False,3076,0.6,1040,106,1146
545,2011-I-11,2011,11,7,0,False,1680,1.0,685,123,808
546,2011-I-12,2011,12,594,10,False,3501,1.0,1051,124,1175
547,2011-I-13,2011,13,330,17,False,2854,0.4,1055,161,1216
548,2011-I-14,2011,14,37,4,False,2200,0.4,738,405,1143
549,2011-I-15,2011,15,98,90,False,2344,1.0,1085,108,1193
550,2011-II-1,2011,1,37,37,True,2139,1.0,807,115,922
551,2011-II-2,2011,2,810,900,False,2155,1.0,967,105,1072
552,2011-II-3,2011,3,143,143,True,2211,1.0,909,84,993
553,2011-II-4,2011,4,51,31,False,1512,1.0,535,168,703
554,2011-II-5,2011,5,542,542,True,1798,1.0,843,108,951
555,2011-II-6,2011,6,80,105,False,1773,1.0,572,103,675
556,2011-II-7,2011,7,3,120,False,2444,1.0,696,197,893
557,2011-II-8,2011,8,784,16,False,3130,0.8,1310,168,1478
558,2011-II-9,2011,9,559,28,False,1591,1.0,627,241,868
559,2011-II-10,2011,10,57,833,False,2163,1.0,796,164,960
560,2011-II-11,2011,11,73,1,False,3478,1.0,1592,414,2006
561,2011-II-12,2011,12,97,97,True,3352,1.0,940,121,1061
562,2011-II-13,2011,13,96,6,False,6463,0.6,3072,169,3241
563,2011-II-14,2011,14,440,000,False,2329,1.0,751,159,910
564,2011-II-15,2011,15,850,6866,False,5273,0.6,2470,194,2664
565,2012-I-1,2012,1,40,234,False,1889,1.0,847,104,951
566,2012-I-2,2012,2,195,5,False,5510,0.6,3072,152,3224
567,2012-I-3,2012,3,216,133497,False,2065,1.0,762,130,892
568,2012-I-4,2012,4,279,61,False,2546,0.4,929,237,1166
569,2012-I-5,2012,5,330,16731,False,1578,1.0,477,119,596
570,2012-I-6,2012,6,71,71,True,1234,1.0,505,124,629
571,2012-I-9,2012,9,49,3,False,4838,1.0,3072,156,3228
572,2012-I-10,2012,10,170,117,False,2324,1.0,1016,184,1200
573,2012-I-11,2012,11,373,401,False,2055,1.0,724,219,943
574,2012-I-12,2012,12,18,7,False,1063,1.0,382,196,578
575,2012-I-13,2012,13,41,44,False,1596,1.0,501,163,664
576,2012-I-14,2012,14,375,250,False,2411,1.0,1064,143,1207
577,2012-II-1,2012,1,34,34,True,2046,1.0,925,87,1012
578,2012-II-2,2012,2,363,363,True,1144,1.0,510,136,646
579,2012-II-3,2012,3,88,64,False,1577,1.0,348,129,477
580,2012-II-4,2012,4,61,413,False,3629,1.0,1450,270,1720
581,2012-II-6,2012,6,125,625,False,1531,1.0,693,123,816
582,2012-II-7,2012,7,32,111111110000000,False,3434,0.8,1230,108,1338
583,2012-II-8,2012,8,40,0,False,3095,0.8,1541,118,1659
584,2012-II-9,2012,9,107,7,False,2347,0.8,1113,161,1274
585,2012-II-10,2012,10,496,496,True,1751,1.0,706,117,823
586,2012-II-11,2012,11,8,40,False,3299,0.6,1520,159,1679
587,2012-II-12,2012,12,958,350,False,2740,1.0,977,200,1177
588,2012-II-13,2012,13,677,444,False,2248,1.0,770,154,924
589,2012-II-14,2012,14,16,320,False,1437,1.0,435,136,571
590,2012-II-15,2012,15,919,53,False,2520,0.8,927,186,1113
591,2013-I-1,2013,1,150,150,True,1938,1.0,706,133,839
592,2013-I-3,2013,3,18,2,False,5953,0.8,3071,176,3247
593,2013-I-4,2013,4,429,1287,False,2378,1.0,641,364,1005
594,2013-I-5,2013,5,98,33,False,2315,0.8,1045,128,1173
595,2013-I-6,2013,6,47,47,True,2747,1.0,984,159,1143
596,2013-I-7,2013,7,41,41,True,2721,1.0,1151,138,1289
597,2013-I-8,2013,8,371,181,False,3003,1.0,1363,131,1494
598,2013-I-9,2013,9,113,47,False,2560,1.0,970,449,1419
599,2013-I-10,2013,10,80,360,False,3591,1.0,1875,169,2044
600,2013-I-11,2013,11,148,7,False,3200,0.8,1424,211,1635
601,2013-I-12,2013,12,21,17,False,2539,1.0,799,234,1033
602,2013-I-13,2013,13,961,1,False,2800,1.0,1093,248,1341
603,2013-I-14,2013,14,36,3,False,3278,1.0,1380,299,1679
604,2013-I-15,2013,15,272,0,False,2585,1.0,924,177,1101
605,2013-II-1,2013,1,275,275,True,1441,1.0,519,256,775
606,2013-II-2,2013,2,881,881,True,2559,1.0,1157,109,1266
607,2013-II-3,2013,3,350,350,True,2020,1.0,818,194,1012
608,2013-II-4,2013,4,40,22,False,2757,1.0,1109,189,1298
609,2013-II-5,2013,5,20,20,True,2477,1.0,1051,145,1196
610,2013-II-6,2013,6,282,1,False,5603,1.0,2545,91,2636
611,2013-II-7,2013,7,945,765,False,2182,0.6,701,178,879
612,2013-II-8,2013,8,272,130,False,3384,0.4,1058,135,1193
613,2013-II-9,2013,9,106,806,False,2769,1.0,1001,254,1255
614,2013-II-10,2013,10,146,29,False,1871,1.0,675,217,892
615,2013-II-11,2013,11,399,593,False,2203,1.0,756,133,889
616,2013-II-12,2013,12,540,64,False,1267,1.0,351,137,488
617,2013-II-13,2013,13,10,15,False,2608,1.0,1159,173,1332
618,2013-II-14,2013,14,512,512,True,1863,0.6,750,155,905
619,2013-II-15,2013,15,222,31,False,2255,1.0,988,246,1234
620,2014-I-1,2014,1,790,500,False,2440,1.0,751,485,1236
621,2014-I-2,2014,2,144,144,True,1826,1.0,749,118,867
622,2014-I-3,2014,3,200,168,False,1858,1.0,643,99,742
623,2014-I-4,2014,4,49,4,False,2336,0.6,885,193,1078
624,2014-I-5,2014,5,134,4096,False,1205,1.0,309,158,467
625,2014-I-6,2014,6,36,33,False,2889,0.6,1326,116,1442
626,2014-I-7,2014,7,100,82,False,3669,1.0,1401,196,1597
627,2014-I-8,2014,8,937,937,True,1894,1.0,805,102,907
628,2014-I-9,2014,9,2,2,True,2557,1.0,1169,115,1284
629,2014-I-10,2014,10,58,13,False,2617,0.6,900,243,1143
630,2014-I-11,2014,11,391,2189,False,2906,1.0,1051,163,1214
631,2014-I-12,2014,12,453,81,False,1939,0.4,632,140,772
632,2014-I-13,2014,13,850,850,True,1936,1.0,617,550,1167
633,2014-I-14,2014,14,263,42,False,2344,1.0,948,165,1113
634,2014-I-15,2014,15,41,22,False,1832,0.6,757,202,959
635,2014-II-1,2014,1,334,220,False,2030,1.0,754,157,911
636,2014-II-2,2014,2,76,76,True,2541,0.6,1158,229,1387
637,2014-II-3,2014,3,720,720,True,1660,1.0,568,543,1111
638,2014-II-4,2014,4,447,123,False,2539,1.0,1267,139,1406
639,2014-II-5,2014,5,420,240,False,1842,1.0,865,120,985
640,2014-II-6,2014,6,167,167,True,2457,1.0,1151,172,1323
641,2014-II-7,2014,7,21,2,False,2438,0.6,1028,110,1138
642,2014-II-8,2014,8,254,18,False,3358,1.0,1300,168,1468
643,2014-II-9,2014,9,581,669,False,2991,0.6,935,79,1014
644,2014-II-10,2014,10,147,147,True,2360,1.0,1044,165,1209
645,2014-II-11,2014,11,56,8,False,2604,0.6,1005,208,1213
646,2014-II-12,2014,12,399,399,True,1447,1.0,636,134,770
647,2014-II-13,2014,13,28,133,False,3380,1.0,1105,155,1260
648,2014-II-14,2014,14,77,25,False,3041,1.0,1307,211,1518
649,2014-II-15,2014,15,149,11,False,1962,1.0,843,192,1035
650,2015-I-1,2015,1,722,722,True,3170,1.0,1350,171,1521
651,2015-I-2,2015,2,139,139,True,1742,1.0,594,150,744
652,2015-I-3,2015,3,307,307,True,3223,1.0,1662,83,1745
653,2015-I-4,2015,4,507,507,True,2566,1.0,1064,163,1227
654,2015-I-5,2015,5,341,85,False,3064,0.8,1068,166,1234
655,2015-I-6,2015,6,58,30,False,1978,1.0,649,390,1039
656,2015-I-7,2015,7,539,99,False,1915,1.0,706,507,1213
657,2015-I-8,2015,8,695,299,False,3011,1.0,1812,100,1912
658,2015-I-9,2015,9,494,190,False,1718,1.0,698,166,864
659,2015-I-10,2015,10,72,72,True,1883,1.0,784,117,901
660,2015-I-11,2015,11,108,32,False,2362,0.8,1006,108,1114
661,2015-I-12,2015,12,431,1019,False,2397,0.8,806,136,942
662,2015-I-13,2015,13,91,92,False,1933,1.0,837,110,947
663,2015-I-14,2015,14,483,999,False,3789,1.0,1835,174,2009
664,2015-I-15,2015,15,53,54,False,1649,1.0,567,1353,1920
665,2015-II-1,2015,1,131,131,True,1789,1.0,637,101,738
666,2015-II-2,2015,2,25,25,True,1606,1.0,663,179,842
667,2015-II-3,2015,3,476,476,True,2981,1.0,1454,81,1535
668,2015-II-4,2015,4,18,17,False,1829,1.0,768,142,910
669,2015-II-5,2015,5,90,8060,False,6048,0.6,3072,111,3183
670,2015-II-6,2015,6,440,216,False,3457,1.0,1479,213,1692
671,2015-II-7,2015,7,161,161,True,1743,1.0,715,215,930
672,2015-II-8,2015,8,36,65,False,3756,1.0,1985,137,2122
673,2015-II-9,2015,9,384,262144,False,1378,1.0,453,568,1021
674,2015-II-10,2015,10,486,2250,False,2391,1.0,1141,200,1341
675,2015-II-11,2015,11,23,23,True,1644,1.0,524,156,680
676,2015-II-12,2015,12,548,548,True,1980,1.0,913,108,1021
677,2015-II-13,2015,13,628,628,True,2029,0.4,504,123,627
678,2015-II-14,2015,14,89,4,False,4466,1.0,3072,119,3191
679,2015-II-15,2015,15,129,23,False,3684,1.0,1699,478,2177
680,2016-I-1,2016,1,336,336,True,1717,1.0,795,137,932
681,2016-I-2,2016,2,71,71,True,1975,1.0,844,138,982
682,2016-I-3,2016,3,810,14400,False,2494,1.0,704,428,1132
683,2016-I-4,2016,4,108,144,False,2423,1.0,791,154,945
684,2016-I-5,2016,5,53,293,False,2773,0.6,1245,175,1420
685,2016-I-6,2016,6,13,5,False,2589,1.0,871,172,1043
686,2016-I-7,2016,7,103,87,False,1681,1.0,663,129,792
687,2016-I-8,2016,8,162,864,False,2784,0.8,1213,200,1413
688,2016-I-9,2016,9,744,248,False,1981,1.0,803,127,930
689,2016-I-10,2016,10,504,6,False,1912,0.6,770,176,946
690,2016-I-11,2016,11,109,1,False,3062,1.0,1326,142,1468
691,2016-I-12,2016,12,132,33,False,5598,1.0,2470,85,2555
692,2016-I-13,2016,13,273,42,False,2483,1.0,979,222,1201
693,2016-I-14,2016,14,574,2575,False,1732,1.0,582,140,722
694,2016-I-15,2016,15,270,740,False,1980,1.0,696,219,915
695,2016-II-1,2016,1,108,6,False,1900,1.0,831,148,979
696,2016-II-2,2016,2,107,107,True,2294,1.0,938,145,1083
697,2016-II-3,2016,3,265,273,False,1978,1.0,935,158,1093
698,2016-II-4,2016,4,180,15,False,2697,1.0,855,206,1061
699,2016-II-5,2016,5,182,12,False,2489,1.0,912,195,1107
700,2016-II-6,2016,6,275,275,True,1419,1.0,564,171,735
701,2016-II-7,2016,7,840,3870,False,2384,0.8,798,176,974
702,2016-II-8,2016,8,728,1,False,2512,1.0,766,112,878
703,2016-II-9,2016,9,262,55450000001,False,4486,0.6,2627,143,2770
704,2016-II-10,2016,10,43,41,False,2675,1.0,923,176,1099
705,2016-II-11,2016,11,749,831,False,4439,0.4,2966,128,3094
706,2016-II-12,2016,12,732,732,True,813,1.0,240,262,502
707,2016-II-13,2016,13,371,8,False,2700,0.6,793,179,972
708,2016-II-14,2016,14,450,600,False,3775,0.6,1579,181,1760
709,2016-II-15,2016,15,863,1,False,2401,1.0,1262,252,1514
710,2017-I-1,2017,1,390,390,True,1991,1.0,639,144,783
711,2017-I-2,2017,2,62,62,True,3090,1.0,1269,148,1417
712,2017-I-3,2017,3,69,51,False,2656,1.0,1057,114,1171
713,2017-I-4,2017,4,803,341,False,2554,1.0,1066,150,1216
714,2017-I-5,2017,5,321,1647,False,3304,0.8,1419,140,1559
715,2017-I-6,2017,6,48,0,False,1953,1.0,611,130,741
716,2017-I-7,2017,7,564,625,False,3404,1.0,2019,167,2186
717,2017-I-8,2017,8,41,5,False,2166,1.0,814,210,1024
718,2017-I-9,2017,9,45,99,False,4392,1.0,3072,122,3194
719,2017-I-10,2017,10,56,57,False,2366,1.0,1258,182,1440
720,2017-I-11,2017,11,360,480,False,3645,1.0,1234,193,1427
721,2017-I-12,2017,12,252,512,False,4728,1.0,1859,184,2043
722,2017-I-13,2017,13,59,000,False,2226,1.0,832,148,980
723,2017-I-14,2017,14,896,376,False,2206,0.8,1022,131,1153
724,2017-I-15,2017,15,145,111,False,2904,1.0,949,284,1233
725,2017-II-1,2017,1,196,196,True,1390,1.0,595,125,720
726,2017-II-2,2017,2,781,57,False,3447,1.0,1214,212,1426
727,2017-II-3,2017,3,409,407,False,3420,1.0,1453,145,1598
728,2017-II-4,2017,4,222,126,False,2877,0.6,1268,82,1350
729,2017-II-5,2017,5,791,521,False,2572,1.0,1046,119,1165
730,2017-II-6,2017,6,195,195,True,3163,1.0,1435,83,1518
731,2017-II-7,2017,7,501,2,False,1758,1.0,668,98,766
732,2017-II-8,2017,8,134,336,False,1250,1.0,492,125,617
733,2017-II-9,2017,9,13,3,False,3734,0.8,1320,192,1512
734,2017-II-10,2017,10,546,882,False,1921,1.0,795,177,972
735,2017-II-11,2017,11,544,768,False,1477,1.0,444,119,563
736,2017-II-12,2017,12,110,7321,False,3448,1.0,1335,506,1841
737,2017-II-13,2017,13,245,39,False,2359,1.0,667,131,798
738,2017-II-14,2017,14,168,27,False,2216,1.0,686,126,812
739,2017-II-15,2017,15,682,38,False,3645,1.0,1721,165,1886
740,2018-I-1,2018,1,600,50,False,1959,1.0,640,141,781
741,2018-I-2,2018,2,925,388,False,1704,1.0,840,180,1020
742,2018-I-3,2018,3,157,15121,False,1808,1.0,561,185,746
743,2018-I-4,2018,4,289,25,False,2915,0.6,1326,167,1493
744,2018-I-5,2018,5,189,9,False,2881,1.0,1342,142,1484
745,2018-I-6,2018,6,440,440,True,2883,1.0,1221,109,1330
746,2018-I-7,2018,7,52,60,False,2820,1.0,780,110,890
747,2018-I-8,2018,8,147,144,False,3132,1.0,1071,114,1185
748,2018-I-9,2018,9,210,56,False,2824,0.8,1324,148,1472
749,2018-I-10,2018,10,4,765,False,2486,1.0,845,608,1453
750,2018-I-11,2018,11,195,15,False,1982,1.0,846,95,941
751,2018-I-12,2018,12,683,683,True,2663,0.6,1130,166,1296
752,2018-I-13,2018,13,126,126,True,2658,0.8,943,158,1101
753,2018-I-14,2018,14,351,0,False,2709,1.0,1345,150,1495
754,2018-I-15,2018,15,59,47,False,2666,0.8,939,239,1178
755,2018-II-1,2018,1,800,480,False,2873,0.8,1039,207,1246
756,2018-II-2,2018,2,112,16,False,3238,1.0,1945,163,2108
757,2018-II-3,2018,3,371,1285,False,2340,1.0,1153,106,1259
758,2018-II-4,2018,4,23,7,False,2321,1.0,744,175,919
759,2018-II-5,2018,5,74,100,False,2124,1.0,1087,157,1244
760,2018-II-6,2018,6,37,37,True,2178,1.0,992,157,1149
761,2018-II-7,2018,7,20,0,False,2621,1.0,1051,374,1425
762,2018-II-8,2018,8,556,10,False,2590,1.0,1068,149,1217
763,2018-II-9,2018,9,184,184,True,3494,0.6,1583,603,2186
764,2018-II-10,2018,10,756,65,False,2943,0.6,958,135,1093
765,2018-II-11,2018,11,461,240,False,3547,1.0,1498,122,1620
766,2018-II-12,2018,12,112,112,True,2094,0.8,513,158,671
767,2018-II-13,2018,13,647,3,False,3481,1.0,1377,121,1498
768,2018-II-14,2018,14,227,31,False,2023,1.0,698,203,901
769,2018-II-15,2018,15,185,1,False,2132,1.0,782,177,959
770,2019-I-1,2019,1,342,2871,False,1774,1.0,818,115,933
771,2019-I-2,2019,2,29,533,False,2369,1.0,894,173,1067
772,2019-I-3,2019,3,120,75,False,2700,0.6,1236,163,1399
773,2019-I-4,2019,4,122,121,False,1807,1.0,555,212,767
774,2019-I-5,2019,5,252,2389,False,5810,0.6,3006,199,3205
775,2019-I-6,2019,6,90,57,False,2409,1.0,853,155,1008
776,2019-I-7,2019,7,880,880,True,1941,1.0,837,189,1026
777,2019-I-8,2019,8,67,13,False,3304,0.8,1763,132,1895
778,2019-I-9,2019,9,540,114,False,3140,0.6,1335,104,1439
779,2019-I-10,2019,10,352,22,False,1850,1.0,694,231,925
780,2019-I-11,2019,11,20,18,False,2251,1.0,853,177,1030
781,2019-I-12,2019,12,230,30,False,1714,0.8,758,154,912
782,2019-I-13,2019,13,32,38,False,2847,0.6,1084,223,1307
783,2019-I-14,2019,14,97,97,True,3451,0.8,1586,71,1657
784,2019-I-15,2019,15,65,125,False,3068,1.0,1017,234,1251
785,2019-II-1,2019,1,59,85,False,2587,1.0,1078,149,1227
786,2019-II-2,2019,2,107,107,True,2638,1.0,1178,170,1348
787,2019-II-3,2019,3,96,96,True,2477,1.0,1080,108,1188
788,2019-II-4,2019,4,187,7186,False,3660,0.6,1279,108,1387
789,2019-II-5,2019,5,520,760,False,1846,1.0,544,151,695
790,2019-II-6,2019,6,216,2,False,1783,1.0,746,143,889
791,2019-II-7,2019,7,715,130,False,1458,1.0,467,194,661
792,2019-II-8,2019,8,53,53,True,2378,1.0,1151,145,1296
793,2019-II-9,2019,9,472,200,False,3166,0.6,1837,140,1977
794,2019-II-10,2019,10,547,49,False,2749,1.0,1162,149,1311
795,2019-II-11,2019,11,11,17,False,2699,1.0,844,177,1021
796,2019-II-12,2019,12,47,36,False,2268,1.0,791,140,931
797,2019-II-13,2019,13,504,144,False,2314,1.0,815,280,1095
798,2019-II-14,2019,14,71,17,False,2090,0.8,588,100,688
799,2019-II-15,2019,15,574,45,False,2764,1.0,971,204,1175
800,2020-I-1,2020,1,547,55,False,2023,0.6,754,157,911
801,2020-I-2,2020,2,17,17,True,1508,1.0,688,138,826
802,2020-I-3,2020,3,621,119,False,3762,1.0,1855,172,2027
803,2020-I-4,2020,4,93,91,False,2852,1.0,1468,186,1654
804,2020-I-5,2020,5,52,12,False,1198,1.0,283,100,383
805,2020-I-6,2020,6,173,55,False,2751,0.6,1139,148,1287
806,2020-I-7,2020,7,81,5,False,1797,1.0,717,145,862
807,2020-I-8,2020,8,103,103,True,2839,1.0,1184,167,1351
808,2020-I-9,2020,9,77,1463,False,1814,1.0,778,165,943
809,2020-I-10,2020,10,407,13,False,1645,1.0,684,125,809
810,2020-I-11,2020,11,510,150,False,4014,1.0,1937,135,2072
811,2020-I-12,2020,12,270,1728,False,2681,1.0,1220,102,1322
812,2020-I-13,2020,13,36,14,False,3450,0.6,1402,201,1603
813,2020-I-14,2020,14,85,196,False,3184,1.0,1161,114,1275
814,2020-I-15,2020,15,58,15,False,3168,1.0,942,181,1123
815,2020-II-1,2020,1,231,231,True,1742,1.0,695,83,778
816,2020-II-2,2020,2,171,27,False,2718,1.0,1194,169,1363
817,2020-II-3,2020,3,103,103,True,1222,1.0,535,123,658
818,2020-II-4,2020,4,108,288,False,2443,0.6,976,172,1148
819,2020-II-5,2020,5,151,16,False,1692,1.0,670,233,903
820,2020-II-6,2020,6,626,26353,False,2386,1.0,1120,158,1278
821,2020-II-7,2020,7,298,145,False,2569,1.0,730,151,881
822,2020-II-8,2020,8,101,501,False,1664,0.6,709,124,833
823,2020-II-9,2020,9,90,148,False,1280,1.0,306,155,461
824,2020-II-10,2020,10,239,491,False,1797,1.0,838,102,940
825,2020-II-11,2020,11,71,19,False,3312,1.0,1359,198,1557
826,2020-II-12,2020,12,248,13,False,2298,0.6,896,224,1120
827,2020-II-13,2020,13,60,60,True,2236,1.0,793,115,908
828,2020-II-14,2020,14,10,3,False,2526,0.6,1017,209,1226
829,2020-II-15,2020,15,717,381,False,1894,1.0,727,165,892
830,2021-I-1,2021,1,97,89,False,2959,0.6,1189,168,1357
831,2021-I-2,2021,2,109,109,True,2295,1.0,981,345,1326
832,2021-I-3,2021,3,50,46,False,4112,1.0,1844,81,1925
833,2021-I-4,2021,4,331,1984,False,3072,1.0,1096,99,1195
834,2021-I-5,2021,5,31,10,False,4473,0.6,1853,101,1954
835,2021-I-6,2021,6,192,120,False,2788,1.0,1285,151,1436
836,2021-I-7,2021,7,63,1,False,1928,1.0,744,100,844
837,2021-I-8,2021,8,57,100,False,2779,0.8,1072,93,1165
838,2021-I-9,2021,9,567,270,False,2244,1.0,1003,134,1137
839,2021-I-10,2021,10,59,6,False,2674,1.0,1183,193,1376
840,2021-I-11,2021,11,301,12,False,1098,1.0,352,192,544
841,2021-I-12,2021,12,19,11,False,3005,1.0,925,200,1125
842,2021-I-13,2021,13,672,1586,False,2513,1.0,893,179,1072
843,2021-I-14,2021,14,125,35,False,2420,1.0,1024,129,1153
844,2021-I-15,2021,15,285,101,False,2502,1.0,856,141,997
845,2021-II-1,2021,1,550,550,True,2042,1.0,822,98,920
846,2021-II-2,2021,2,336,560,False,1713,0.6,569,449,1018
847,2021-II-3,2021,3,80,40,False,1982,1.0,739,162,901
848,2021-II-4,2021,4,330,110,False,3395,1.0,1533,153,1686
849,2021-II-5,2021,5,736,400,False,2458,1.0,863,141,1004
850,2021-II-6,2021,6,454,179,False,4096,1.0,1817,143,1960
851,2021-II-7,2021,7,145,18,False,1255,1.0,573,174,747
852,2021-II-8,2021,8,49,65,False,2207,0.4,603,211,814
853,2021-II-9,2021,9,295,225,False,2572,1.0,1057,119,1176
854,2021-II-10,2021,10,335,14,False,2120,0.8,718,182,900
855,2021-II-11,2021,11,258,45,False,2926,1.0,1017,209,1226
856,2021-II-12,2021,12,47,7,False,2568,1.0,943,146,1089
857,2021-II-13,2021,13,797,100,False,2488,1.0,1071,83,1154
858,2021-II-14,2021,14,592,773,False,2264,1.0,863,206,1069
859,2021-II-15,2021,15,258,7,False,6091,0.8,3072,208,3280
860,2022-I-1,2022,1,116,116,True,1991,1.0,976,117,1093
861,2022-I-2,2022,2,227,882,False,5685,1.0,2613,121,2734
862,2022-I-3,2022,3,242,333,False,1945,1.0,607,149,756
863,2022-I-4,2022,4,834,200,False,2803,0.6,1150,135,1285
864,2022-I-5,2022,5,550,440,False,3512,1.0,1490,183,1673
865,2022-I-6,2022,6,228,276,False,2497,1.0,754,107,861
866,2022-I-7,2022,7,289,85,False,3037,1.0,1305,142,1447
867,2022-I-8,2022,8,378,243,False,2068,1.0,604,242,846
868,2022-I-9,2022,9,247,25,False,2426,0.4,779,221,1000
869,2022-I-10,2022,10,756,560,False,3386,0.6,1301,133,1434
870,2022-I-11,2022,11,150,240,False,3073,1.0,1209,393,1602
871,2022-I-12,2022,12,245,85,False,1767,1.0,810,316,1126
872,2022-I-13,2022,13,392,339,False,3072,0.6,1191,221,1412
873,2022-I-14,2022,14,459,558,False,2508,1.0,730,207,937
874,2022-I-15,2022,15,33,349,False,2665,1.0,1270,200,1470
875,2022-II-1,2022,1,154,154,True,1791,1.0,741,121,862
876,2022-II-2,2022,2,125,13,False,1819,1.0,513,199,712
877,2022-II-3,2022,3,21,21,True,2161,0.8,745,109,854
878,2022-II-4,2022,4,112,21,False,3141,1.0,1438,165,1603
879,2022-II-5,2022,5,72,160,False,2389,1.0,711,110,821
880,2022-II-6,2022,6,841,101,False,1905,0.8,834,195,1029
881,2022-II-7,2022,7,192,360,False,2205,1.0,626,91,717
882,2022-II-8,2022,8,081,144,False,2546,1.0,743,153,896
883,2022-II-9,2022,9,244,28,False,2320,1.0,797,617,1414
884,2022-II-10,2022,10,4,0,False,2659,1.0,1123,117,1240
885,2022-II-11,2022,11,180,144,False,2480,1.0,799,121,920
886,2022-II-12,2022,12,23,17,False,1670,1.0,589,149,738
887,2022-II-13,2022,13,220,0,False,2198,1.0,751,143,894
888,2022-II-14,2022,14,188,903,False,5568,0.8,3072,193,3265
889,2022-II-15,2022,15,140,192,False,2825,1.0,952,525,1477
890,2023-I-1,2023,1,191,5006,False,1691,1.0,519,108,627
891,2023-I-2,2023,2,881,881,True,1599,1.0,627,145,772
892,2023-I-3,2023,3,607,607,True,1724,1.0,455,147,602
893,2023-I-4,2023,4,12,14,False,2803,1.0,1293,128,1421
894,2023-I-5,2023,5,106,2,False,12059,1.0,3072,101,3173
895,2023-I-6,2023,6,51,7,False,3486,0.6,1218,134,1352
896,2023-I-7,2023,7,49,96,False,2342,1.0,903,110,1013
897,2023-I-8,2023,8,125,20,False,6930,1.0,2882,127,3009
898,2023-I-9,2023,9,738,68960,False,2600,1.0,1041,140,1181
899,2023-I-10,2023,10,944,1011,False,3409,1.0,1535,162,1697
900,2023-I-11,2023,11,235,495,False,2280,1.0,821,126,947
901,2023-I-12,2023,12,75,3,False,605,1.0,193,167,360
902,2023-I-13,2023,13,125,3,False,3165,1.0,1031,274,1305
903,2023-I-14,2023,14,608,156,False,2339,0.6,693,411,1104
904,2023-II-1,2023,1,220,220,True,1203,1.0,457,125,582
905,2023-II-2,2023,2,585,989,False,7232,1.0,2918,115,3033
906,2023-II-3,2023,3,250,200,False,2223,1.0,830,119,949
907,2023-II-4,2023,4,273,257,False,2313,1.0,1099,139,1238
908,2023-II-5,2023,5,719,109,False,3552,0.6,1299,160,1459
909,2023-II-6,2023,6,35,5,False,2231,1.0,658,206,864
910,2023-II-7,2023,7,928,1024,False,3824,1.0,1203,118,1321
911,2023-II-8,2023,8,24,7,False,1948,1.0,850,129,979
912,2023-II-9,2023,9,33,41,False,2256,1.0,795,220,1015
913,2023-II-10,2023,10,144,40,False,2143,1.0,733,237,970
914,2023-II-11,2023,11,81,1,False,2011,1.0,492,109,601
915,2023-II-12,2023,12,247,17,False,2747,1.0,1175,192,1367
916,2023-II-13,2023,13,167,500,False,2366,0.6,1024,115,1139
917,2023-II-14,2023,14,751,13,False,1403,0.6,427,601,1028
918,2023-II-15,2023,15,363,500,False,2953,1.0,873,125,998
919,2024-II-1,2024,1,73,10,False,3817,0.6,1759,171,1930
920,2024-II-2,2024,2,236,306,False,6397,0.6,2558,128,2686
921,2024-II-3,2024,3,45,0,False,2372,0.6,810,193,1003
922,2024-II-4,2024,4,33,1,False,3241,1.0,1662,198,1860
923,2024-II-5,2024,5,80,3,False,11048,0.8,3072,132,3204
924,2024-II-6,2024,6,55,30,False,4970,0.6,2489,117,2606
925,2024-II-7,2024,7,699,1000,False,3564,1.0,1327,125,1452
926,2024-II-8,2024,8,127,11,False,2223,1.0,681,446,1127
927,2024-II-10,2024,10,468,144,False,2689,0.8,1201,110,1311
928,2024-II-11,2024,11,601,1,False,3356,1.0,1473,126,1599
929,2024-II-12,2024,12,23,23,True,3490,1.0,1461,228,1689
930,2024-II-13,2024,13,321,0,False,2652,1.0,1047,111,1158
931,2024-II-14,2024,14,211,5,False,4939,1.0,2632,177,2809
932,2024-II-15,2024,15,315,15,False,991,1.0,272,232,504
