index	id	year	problem_number	gold_clean	predicted_answer	correct	response_length	confidence	completion_tokens	prompt_tokens	total_tokens
0	Jan-83	1983	1	60	60	TRUE	1223	1	5998	106	6104
1	Feb-83	1983	2	15	15	TRUE	730	1	3207	107	3314
2	Mar-83	1983	3	20	20	TRUE	1054	1	5268	85	5353
3	Apr-83	1983	4	26	26	TRUE	1082	1	4560	259	4819
4	May-83	1983	5	4	4	TRUE	1132	1	5591	92	5683
5	Jun-83	1983	6	35	14	FALSE	1630	1	9289	75	9364
6	Jul-83	1983	7	57	42	FALSE	1903	1	6060	124	6184
7	Aug-83	1983	8	61	61	TRUE	1986	1	11012	72	11084
8	Sep-83	1983	9	12	12	TRUE	842	1	3807	79	3886
9	Oct-83	1983	10	432	432	TRUE	1131	1	3330	96	3426
10	Nov-83	1983	11	288	504	FALSE	1483	1	5975	273	6248
11	Dec-83	1983	12	65	65	TRUE	2725	1	13158	119	13277
12	1983-13	1983	13	448	448	TRUE	958	1	3245	163	3408
13	1983-14	1983	14	130	130	TRUE	1847	1	7498	296	7794
14	1983-15	1983	15	175	600	FALSE	2064	0.6	9528	349	9877
15	Jan-84	1984	1	93	93	TRUE	1129	1	5983	120	6103
16	Feb-84	1984	2	592	592	TRUE	1110	1	4053	84	4137
17	Mar-84	1984	3	144	144	TRUE	1494	1	5352	370	5722
18	Apr-84	1984	4	649	538	FALSE	1342	1	5006	121	5127
19	May-84	1984	5	512	32768	FALSE	1319	1	5860	83	5943
20	Jun-84	1984	6	24	24	TRUE	939	1	4245	143	4388
21	Jul-84	1984	7	997	97	FALSE	1452	1	7644	114	7758
22	Aug-84	1984	8	160	100	FALSE	1741	1	8713	93	8806
23	Sep-84	1984	9	20	20	TRUE	1083	1	4891	138	5029
24	Oct-84	1984	10	119	119	TRUE	1625	1	5083	181	5264
25	Nov-84	1984	11	106	106	TRUE	1349	1	3753	106	3859
26	Dec-84	1984	12	401	401	TRUE	1354	1	5283	136	5419
27	1984-13	1984	13	15	15	TRUE	1092	1	5867	80	5947
28	1984-14	1984	14	38	38	TRUE	1226	1	3599	64	3663
29	Jan-85	1985	1	384	384	TRUE	1126	1	6859	93	6952
30	Feb-85	1985	2	26	26	TRUE	1135	1	5621	127	5748
31	Mar-85	1985	3	198	198	TRUE	1242	1	7121	90	7211
32	Apr-85	1985	4	32	32	TRUE	1938	1	7567	128	7695
33	May-85	1985	5	986	986	TRUE	2193	1	10820	151	10971
34	Jun-85	1985	6	315	84	FALSE	1352	1	4391	100	4491
35	Jul-85	1985	7	757	757	TRUE	1102	1	5537	101	5638
36	Aug-85	1985	8	61	86	FALSE	1454	1	7982	226	8208
37	Sep-85	1985	9	49	8	FALSE	1420	1	6167	126	6293
38	Oct-85	1985	10	600	600	TRUE	4067	1	18371	130	18501
39	Nov-85	1985	11	85	85	TRUE	1088	1	4937	91	5028
40	Dec-85	1985	12	182	162	FALSE	2017	1	9712	168	9880
41	1985-13	1985	13	401	401	TRUE	1603	1	9959	150	10109
42	1985-14	1985	14	25	25	TRUE	2525	1	9728	165	9893
43	1985-15	1985	15	864	576	FALSE	1090	1	3899	146	4045
44	Jan-86	1986	1	337	337	TRUE	662	1	2822	78	2900
45	Feb-86	1986	2	104	104	TRUE	852	1	4306	119	4425
46	Mar-86	1986	3	150	150	TRUE	945	1	4383	75	4458
47	May-86	1986	5	890	890	TRUE	855	1	3683	73	3756
48	Jun-86	1986	6	33	33	TRUE	1059	1	4914	112	5026
49	Jul-86	1986	7	981	981	TRUE	975	1	3460	105	3565
50	Aug-86	1986	8	141	141	TRUE	1052	1	4991	85	5076
51	Sep-86	1986	9	306	306	TRUE	1638	1	6536	116	6652
52	Oct-86	1986	10	358	358	TRUE	1911	1	7398	177	7575
53	Nov-86	1986	11	816	816	TRUE	1655	1	8859	137	8996
54	Dec-86	1986	12	61	61	TRUE	1427	0.8	6982	104	7086
55	1986-13	1986	13	560	2520	FALSE	1707	1	5698	156	5854
56	1986-14	1986	14	750	300	FALSE	2233	1	11704	111	11815
57	1986-15	1986	15	400	400	TRUE	2070	1	8028	127	8155
58	Jan-87	1987	1	300	200	FALSE	1499	1	6898	95	6993
59	Feb-87	1987	2	137	137	TRUE	1220	1	4568	95	4663
60	Mar-87	1987	3	182	236	FALSE	1114	1	4237	102	4339
61	Apr-87	1987	4	480	3600	FALSE	1581	1	7652	76	7728
62	May-87	1987	5	588	588	TRUE	1268	1	4822	91	4913
63	Jun-87	1987	6	193	193	TRUE	1315	1	4752	137	4889
64	Jul-87	1987	7	70	70	TRUE	1955	1	9620	119	9739
65	Aug-87	1987	8	112	55	FALSE	1423	1	6137	90	6227
66	Sep-87	1987	9	33	33	TRUE	1343	1	6283	110	6393
67	Oct-87	1987	10	120	120	TRUE	1464	1	6090	127	6217
68	Nov-87	1987	11	486	59049	FALSE	4428	1	21470	74	21544
69	Dec-87	1987	12	19	19	TRUE	1607	0.6	7851	95	7946
70	1987-14	1987	14	373	373	TRUE	831	1	3045	136	3181
71	1987-15	1987	15	462	90	FALSE	1589	0.8	8282	115	8397
72	Feb-88	1988	2	169	169	TRUE	1432	1	6652	114	6766
73	Mar-88	1988	3	27	27	TRUE	1156	1	5744	76	5820
74	May-88	1988	5	634	634	TRUE	1303	1	5660	92	5752
75	Jul-88	1988	7	110	140	FALSE	1559	1	5698	95	5793
76	Aug-88	1988	8	364	2	FALSE	1773	1	8644	118	8762
77	Sep-88	1988	9	192	192	TRUE	583	1	1876	59	1935
78	Oct-88	1988	10	840	876	FALSE	1648	1	6037	118	6155
79	1988-13	1988	13	987	987	TRUE	1720	1	8859	89	8948
80	1988-14	1988	14	84	84	TRUE	1181	1	5960	120	6080
81	1988-15	1988	15	704	256	FALSE	849	1	2699	219	2918
82	Jan-89	1989	1	869	869	TRUE	1008	1	4814	63	4877
83	Feb-89	1989	2	968	968	TRUE	751	1	2599	78	2677
84	Apr-89	1989	4	675	675	TRUE	1582	1	7498	100	7598
85	May-89	1989	5	283	283	TRUE	1197	1	4875	119	4994
86	Jul-89	1989	7	925	925	TRUE	1084	1	5837	105	5942
87	Aug-89	1989	8	334	334	TRUE	1648	1	12242	266	12508
88	Sep-89	1989	9	144	144	TRUE	701	1	2861	110	2971
89	Nov-89	1989	11	947	999	FALSE	1696	1	7375	152	7527
90	1989-13	1989	13	905	858	FALSE	1695	0.4	6044	116	6160
91	Jan-90	1990	1	528	528	TRUE	2423	1	11812	95	11907
92	Feb-90	1990	2	828	1296	FALSE	1613	1	8490	80	8570
93	Mar-90	1990	3	117	117	TRUE	1374	1	6944	143	7087
94	May-90	1990	5	432	432	TRUE	1244	1	4652	102	4754
95	Jun-90	1990	6	840	75	FALSE	1267	1	4729	202	4931
96	Jul-90	1990	7	89	89	TRUE	1321	1	6598	124	6722
97	Sep-90	1990	9	73	73	TRUE	1183	1	4922	94	5016
98	Oct-90	1990	10	144	144	TRUE	957	1	3753	139	3892
99	Nov-90	1990	11	23	23	TRUE	1050	1	3437	103	3540
100	1990-13	1990	13	184	184	TRUE	1751	1	6452	128	6580
101	1990-14	1990	14	594	78	FALSE	4422	1	16272	197	16469
102	1990-15	1990	15	20	20	TRUE	909	1	4699	123	4822
103	Jan-91	1991	1	146	146	TRUE	1388	1	6629	108	6737
104	Feb-91	1991	2	840	840	TRUE	1163	1	4114	235	4349
105	Apr-91	1991	4	159	11	FALSE	1912	1	6037	77	6114
106	May-91	1991	5	128	128	TRUE	1232	1	4245	92	4337
107	Aug-91	1991	8	10	10	TRUE	1607	1	8282	85	8367
108	Sep-91	1991	9	44	44	TRUE	1267	1	6706	91	6797
109	Oct-91	1991	10	532	302	FALSE	1406	1	4345	238	4583
110	Nov-91	1991	11	135	12	FALSE	1901	1	7444	408	7852
111	Dec-91	1991	12	677	677	TRUE	1781	1	9566	203	9769
112	1991-13	1991	13	990	990	TRUE	1174	1	5829	117	5946
113	1991-14	1991	14	384	243	FALSE	1857	1	6967	104	7071
114	Jan-92	1992	1	400	400	TRUE	1903	1	9751	71	9822
115	Feb-92	1992	2	502	502	TRUE	866	1	3122	82	3204
116	Mar-92	1992	3	164	659	FALSE	1062	1	3837	135	3972
117	Apr-92	1992	4	62	62	TRUE	1202	1	6337	527	6864
118	May-92	1992	5	660	876	FALSE	2155	1	7890	151	8041
119	Jun-92	1992	6	156	729	FALSE	849	1	3345	91	3436
120	Jul-92	1992	7	320	320	TRUE	1453	1	5937	139	6076
121	Aug-92	1992	8	819	1617	FALSE	1863	0.6	6936	171	7107
122	Sep-92	1992	9	164	33	FALSE	1667	0.6	7213	182	7395
123	Oct-92	1992	10	572	686	FALSE	3370	0.4	14680	134	14814
124	Nov-92	1992	11	945	945	TRUE	1137	1	4645	245	4890
125	Dec-92	1992	12	792	462	FALSE	1444	1	4506	227	4733
126	1992-13	1992	13	820	180	FALSE	905	1	4037	86	4123
127	1992-14	1992	14	94	1	FALSE	1458	1	6229	168	6397
128	1992-15	1992	15	396	3	FALSE	1451	0.6	7082	103	7185
129	Jan-93	1993	1	728	728	TRUE	2982	1	12096	65	12161
130	Feb-93	1993	2	580	20	FALSE	1253	1	4937	161	5098
131	Apr-93	1993	4	870	0	FALSE	1856	1	9920	97	10017
132	May-93	1993	5	763	457	FALSE	1091	1	6144	123	6267
133	Jun-93	1993	6	495	495	TRUE	1205	1	4637	77	4714
134	Jul-93	1993	7	5	21	FALSE	3754	1	12066	211	12277
135	Aug-93	1993	8	365	365	TRUE	1252	1	4122	147	4269
136	Sep-93	1993	9	118	1994	FALSE	1648	0.6	6975	173	7148
137	Oct-93	1993	10	250	1403	FALSE	1682	1	7813	150	7963
138	Nov-93	1993	11	93	85	FALSE	2646	1	13111	151	13262
139	Dec-93	1993	12	344	140	FALSE	1556	1	7736	256	7992
140	1993-13	1993	13	163	51	FALSE	1564	0.6	4822	168	4990
141	1993-14	1993	14	448	288	FALSE	1344	1	5575	132	5707
142	1993-15	1993	15	997	2	FALSE	1240	1	5460	168	5628
143	Jan-94	1994	1	63	360	FALSE	1709	1	8682	107	8789
144	Feb-94	1994	2	312	70	FALSE	2194	0.8	7759	170	7929
145	Aug-94	1994	8	315	1856	FALSE	1824	1	7782	86	7868
146	Sep-94	1994	9	394	17	FALSE	1622	1	4822	162	4984
147	Oct-94	1994	10	450	1710	FALSE	1376	1	6429	129	6558
148	Nov-94	1994	11	465	1411	FALSE	1117	1	3660	134	3794
149	Dec-94	1994	12	702	78	FALSE	1304	1	5206	141	5347
150	1994-14	1994	14	71	10	FALSE	1720	1	6290	189	6479
151	1994-15	1994	15	597	6485	FALSE	1271	1	5990	224	6214
152	Jan-95	1995	1	255	85	FALSE	1463	1	7213	217	7430
153	Feb-95	1995	2	25	25	TRUE	1318	1	7259	80	7339
154	Mar-95	1995	3	67	2051	FALSE	1186	1	4652	139	4791
155	Apr-95	1995	4	224	288	FALSE	1804	1	6252	103	6355
156	May-95	1995	5	51	2	FALSE	6225	1	23624	125	23749
157	Jun-95	1995	6	589	588	FALSE	1253	1	5191	87	5278
158	Aug-95	1995	8	85	19	FALSE	1725	1	8636	84	8720
159	Sep-95	1995	9	616	113	FALSE	2077	0.8	9405	147	9552
160	Oct-95	1995	10	215	41	FALSE	2119	1	8121	69	8190
161	Nov-95	1995	11	40	40	TRUE	2708	0.8	9436	152	9588
162	Dec-95	1995	12	5	1	FALSE	1736	1	7998	150	8148
163	1995-13	1995	13	400	776	FALSE	1678	1	8559	82	8641
164	1995-14	1995	14	378	1875	FALSE	1783	1	7475	158	7633
165	1995-15	1995	15	37	107	FALSE	1655	1	6844	122	6966
166	Feb-96	1996	2	340	340	TRUE	1166	0.6	4176	110	4286
167	Mar-96	1996	3	44	44	TRUE	1150	1	5114	87	5201
168	Apr-96	1996	4	166	166	TRUE	1770	1	6098	127	6225
169	May-96	1996	5	23	23	TRUE	1461	1	6744	119	6863
170	Jun-96	1996	6	49	11	FALSE	1807	0.6	5721	125	5846
171	Jul-96	1996	7	300	302	FALSE	1529	1	4668	97	4765
172	Aug-96	1996	8	799	840	FALSE	1285	1	5990	99	6089
173	Sep-96	1996	9	342	1024	FALSE	1517	1	5206	150	5356
174	Oct-96	1996	10	159	6081	FALSE	3429	1	23624	100	23724
175	Nov-96	1996	11	276	0	FALSE	1721	1	9443	130	9573
176	Dec-96	1996	12	58	58	TRUE	1672	1	9105	168	9273
177	1996-13	1996	13	65	3	FALSE	1838	1	8913	168	9081
178	1996-14	1996	14	768	768	TRUE	1009	1	4576	108	4684
179	1996-15	1996	15	777	666	FALSE	1947	1	8151	128	8279
180	Jan-97	1997	1	750	750	TRUE	995	1	3522	75	3597
181	Feb-97	1997	2	125	125	TRUE	1602	1	7075	110	7185
182	Mar-97	1997	3	126	126	TRUE	1210	1	5814	115	5929
183	Apr-97	1997	4	17	23	FALSE	2004	1	11281	87	11368
184	May-97	1997	5	417	417	TRUE	1802	1	6544	133	6677
185	Jun-97	1997	6	42	15	FALSE	1727	1	7536	122	7658
186	Jul-97	1997	7	198	198	TRUE	2146	1	10797	168	10965
187	Aug-97	1997	8	90	90	TRUE	1380	1	4368	92	4460
188	Sep-97	1997	9	233	1	FALSE	1557	1	8336	155	8491
189	Oct-97	1997	10	117	1080	FALSE	1473	1	4368	205	4573
190	Nov-97	1997	11	241	241	TRUE	1525	1	7851	101	7952
191	Dec-97	1997	12	58	58	TRUE	1805	1	9051	139	9190
192	1997-14	1997	14	582	1000	FALSE	2322	0.8	12573	115	12688
193	1997-15	1997	15	554	69	FALSE	3912	0.6	13404	142	13546
194	Jan-98	1998	1	25	25	TRUE	1390	0.6	5952	83	6035
195	Feb-98	1998	2	480	171	FALSE	641	0.6	2176	85	2261
196	Mar-98	1998	3	800	800	TRUE	2338	1	9489	81	9570
197	Apr-98	1998	4	17	17	TRUE	2267	1	7129	118	7247
198	May-98	1998	5	40	40	TRUE	1045	1	5245	97	5342
199	Jun-98	1998	6	308	679	FALSE	1916	1	8305	123	8428
200	Jul-98	1998	7	196	196	TRUE	866	1	4130	99	4229
201	Aug-98	1998	8	618	618	TRUE	991	1	3253	113	3366
202	Sep-98	1998	9	87	87	TRUE	1550	1	6706	152	6858
203	Oct-98	1998	10	152	202	FALSE	2665	1	12019	152	12171
204	Nov-98	1998	11	525	150	FALSE	1972	1	8974	164	9138
205	Dec-98	1998	12	83	19	FALSE	1662	1	5883	231	6114
206	1998-13	1998	13	368	231	FALSE	1024	1	4875	210	5085
207	1998-14	1998	14	130	130	TRUE	1648	1	8782	113	8895
208	1998-15	1998	15	761	80	FALSE	3017	1	8336	164	8500
209	Jan-99	1999	1	29	186	FALSE	4435	1	23624	67	23691
210	Feb-99	1999	2	118	241	FALSE	1168	1	4998	127	5125
211	Mar-99	1999	3	38	38	TRUE	2080	1	10535	72	10607
212	Apr-99	1999	4	185	16238	FALSE	1226	1	4675	132	4807
213	May-99	1999	5	223	223	TRUE	1148	1	5052	135	5187
214	Jun-99	1999	6	314	600	FALSE	1302	0.6	6890	160	7050
215	Jul-99	1999	7	650	650	TRUE	1496	1	5068	254	5322
216	Aug-99	1999	8	25	5	FALSE	1759	0.8	7698	196	7894
217	Sep-99	1999	9	259	1	FALSE	4619	1	23624	147	23771
218	Oct-99	1999	10	489	3423	FALSE	1775	1	7036	124	7160
219	Nov-99	1999	11	177	177	TRUE	1285	1	6144	102	6246
220	Dec-99	1999	12	345	345	TRUE	1391	1	6490	96	6586
221	1999-13	1999	13	742	742	TRUE	1698	1	6106	131	6237
222	1999-14	1999	14	463	463	TRUE	999	1	4714	135	4849
223	1999-15	1999	15	408	208	FALSE	1211	0.8	4283	109	4392
224	2000-I-1	2000	1	8	8	TRUE	945	1	3099	86	3185
225	2000-I-2	2000	2	21	21	TRUE	1890	1	9059	156	9215
226	2000-I-3	2000	3	667	668	FALSE	1222	0.8	6344	95	6439
227	2000-I-4	2000	4	260	106	FALSE	2113	1	6513	256	6769
228	2000-I-5	2000	5	26	95	FALSE	2068	1	10305	136	10441
229	2000-I-6	2000	6	997	997	TRUE	2015	0.6	10612	101	10713
230	2000-I-7	2000	7	5	5	TRUE	1400	1	6421	137	6558
231	2000-I-8	2000	8	52	39	FALSE	1755	1	7675	158	7833
232	2000-I-9	2000	9	25	20	FALSE	1904	1	10666	197	10863
233	2000-I-10	2000	10	173	173	TRUE	1257	1	6313	149	6462
234	2000-I-11	2000	11	248	12345679	FALSE	1935	1	12973	101	13074
235	2000-I-12	2000	12	177	199	FALSE	1436	1	6229	126	6355
236	2000-I-13	2000	13	731	246	FALSE	3073	0.8	10289	143	10432
237	2000-I-14	2000	14	571	2	FALSE	6032	1	23624	139	23763
238	2000-I-15	2000	15	927	1998	FALSE	1536	1	5337	248	5585
239	2000-II-2	2000	2	98	98	TRUE	1562	1	5744	84	5828
240	2000-II-3	2000	3	758	758	TRUE	1830	1	5767	133	5900
241	2000-II-4	2000	4	180	180	TRUE	1318	1	5837	66	5903
242	2000-II-5	2000	5	376	376	TRUE	1438	1	5298	107	5405
243	2000-II-6	2000	6	181	156	FALSE	2059	1	8851	149	9000
244	2000-II-8	2000	8	110	99	FALSE	1847	0.8	7836	123	7959
245	2000-II-9	2000	9	0	0	TRUE	1079	1	5521	99	5620
246	2000-II-10	2000	10	647	324	FALSE	1354	1	6667	121	6788
247	2000-II-11	2000	11	131	2	FALSE	1655	1	7067	157	7224
248	2000-II-12	2000	12	118	868	FALSE	1550	1	7313	168	7481
249	2000-II-13	2000	13	200	6	FALSE	1876	1	8744	129	8873
250	2000-II-14	2000	14	495	495	TRUE	3737	1	12704	221	12925
251	2001-I-1	2001	1	630	630	TRUE	1152	1	3876	63	3939
252	2001-I-2	2001	2	651	1974	FALSE	1700	1	8574	136	8710
253	2001-I-3	2001	3	500	1000.5	FALSE	1358	1	5737	93	5830
254	2001-I-4	2001	4	291	24	FALSE	2099	1	10505	154	10659
255	2001-I-5	2001	5	937	19	FALSE	1901	1	9313	121	9434
256	2001-I-6	2001	6	79	79	TRUE	1465	1	5468	100	5568
257	2001-I-7	2001	7	923	451	FALSE	1383	1	6690	154	6844
258	2001-I-8	2001	8	315	315	TRUE	1095	1	3807	124	3931
259	2001-I-9	2001	9	61	61	TRUE	1407	1	6483	218	6701
260	2001-I-10	2001	10	200	277	FALSE	1933	0.8	9259	143	9402
261	2001-I-11	2001	11	149	19	FALSE	1444	1	7467	254	7721
262	2001-I-12	2001	12	5	7	FALSE	2130	1	10689	124	10813
263	2001-I-13	2001	13	174	33	FALSE	3572	1	19294	148	19442
264	2001-I-14	2001	14	351	351	TRUE	1616	1	7767	108	7875
265	2001-I-15	2001	15	85	85	TRUE	1757	1	5129	141	5270
266	2001-II-1	2001	1	816	9	FALSE	6947	1	23624	89	23713
267	2001-II-2	2001	2	298	299	FALSE	1348	1	5483	140	5623
268	2001-II-3	2001	3	898	50	FALSE	3134	0.6	23624	162	23786
269	2001-II-4	2001	4	67	67	TRUE	2094	1	11873	139	12012
270	2001-II-5	2001	5	253	8	FALSE	1133	1	3745	119	3864
271	2001-II-6	2001	6	251	21	FALSE	1742	1	6667	146	6813
272	2001-II-7	2001	7	725	800	FALSE	2680	0.6	14350	266	14616
273	2001-II-8	2001	8	429	2001	FALSE	1404	0.6	7621	123	7744
274	2001-II-9	2001	9	929	929	TRUE	2151	1	7313	123	7436
275	2001-II-10	2001	10	784	784	TRUE	1869	1	9512	99	9611
276	2001-II-11	2001	11	341	341	TRUE	1385	1	4552	138	4690
277	2001-II-12	2001	12	101	7	FALSE	1263	1	4868	170	5038
278	2001-II-13	2001	13	69	27	FALSE	1223	1	4683	138	4821
279	2001-II-14	2001	14	840	6300	FALSE	2694	0.6	15057	171	15228
280	2001-II-15	2001	15	417	434	FALSE	2256	1	10458	258	10716
281	2002-I-1	2002	1	59	59	TRUE	2337	1	7505	138	7643
282	2002-I-2	2002	2	154	7	FALSE	4790	1	23624	249	23873
283	2002-I-3	2002	3	25	29	FALSE	2802	0.4	14788	126	14914
284	2002-I-4	2002	4	840	29	FALSE	5372	0.6	23624	114	23738
285	2002-I-5	2002	5	183	32	FALSE	1566	1	5521	116	5637
286	2002-I-6	2002	6	12	12	TRUE	1573	1	7936	141	8077
287	2002-I-8	2002	8	748	273	FALSE	1525	0.6	7305	123	7428
288	2002-I-9	2002	9	757	757	TRUE	1438	1	5206	166	5372
289	2002-I-10	2002	10	148	170	FALSE	2052	0.4	10704	391	11095
290	2002-I-11	2002	11	230	1526	FALSE	1930	0.8	7336	187	7523
291	2002-I-12	2002	12	275	1	FALSE	1908	1	10674	136	10810
292	2002-I-13	2002	13	63	219	FALSE	1646	1	5860	153	6013
293	2002-I-14	2002	14	30	2002	FALSE	1379	1	5837	143	5980
294	2002-I-15	2002	15	163	181	FALSE	1079	1	4729	205	4934
295	2002-II-1	2002	1	9	9	TRUE	943	1	4668	104	4772
296	2002-II-2	2002	2	294	294	TRUE	799	1	3845	91	3936
297	2002-II-3	2002	3	111	111	TRUE	1809	1	8259	113	8372
298	2002-II-4	2002	4	803	421	FALSE	1090	1	4599	169	4768
299	2002-II-5	2002	5	42	1	FALSE	2604	0.4	13934	89	14023
300	2002-II-6	2002	6	521	521	TRUE	1652	1	9282	78	9360
301	2002-II-8	2002	8	49	1	FALSE	6614	1	23624	108	23732
302	2002-II-9	2002	9	501	510	FALSE	1443	1	5429	121	5550
303	2002-II-10	2002	10	900	720	FALSE	1498	0.6	8236	159	8395
304	2002-II-11	2002	11	518	414	FALSE	1586	1	6906	144	7050
305	2002-II-12	2002	12	660	166972718	FALSE	1899	1	7928	188	8116
306	2002-II-13	2002	13	901	17	FALSE	1213	1	4276	215	4491
307	2002-II-14	2002	14	98	105	FALSE	2334	0.6	10366	135	10501
308	2002-II-15	2002	15	282	20	FALSE	1800	1	8428	183	8611
309	2003-I-2	2003	2	301	301	TRUE	1561	1	6567	154	6721
310	2003-I-3	2003	3	484	476	FALSE	1716	1	7636	124	7760
311	2003-I-4	2003	4	12	12	TRUE	1110	1	5552	105	5657
312	2003-I-5	2003	5	505	505	TRUE	1364	1	5506	126	5632
313	2003-I-6	2003	6	348	152	FALSE	1620	1	5114	101	5215
314	2003-I-7	2003	7	380	516	FALSE	1473	0.8	7528	120	7648
315	2003-I-8	2003	8	129	120	FALSE	1334	0.8	6806	89	6895
316	2003-I-9	2003	9	615	670	FALSE	1143	1	5444	89	5533
317	2003-I-10	2003	10	83	83	TRUE	1253	1	5552	113	5665
318	2003-I-11	2003	11	92	4	FALSE	1784	0.6	7821	156	7977
319	2003-I-12	2003	12	777	777	TRUE	1292	1	6690	129	6819
320	2003-I-13	2003	13	155	463	FALSE	1477	1	6344	95	6439
321	2003-I-14	2003	14	127	7	FALSE	955	1	3953	103	4056
322	2003-I-15	2003	15	289	9	FALSE	1223	1	4783	196	4979
323	2003-II-1	2003	1	336	336	TRUE	1094	1	5798	83	5881
324	2003-II-2	2003	2	120	120	TRUE	3092	0.8	12688	79	12767
325	2003-II-3	2003	3	192	192	TRUE	1452	1	7352	132	7484
326	2003-II-4	2003	4	28	28	TRUE	1399	0.8	4714	110	4824
327	2003-II-5	2003	5	216	216	TRUE	1584	1	5321	150	5471
328	2003-II-6	2003	6	112	168	FALSE	830	1	2999	143	3142
329	2003-II-7	2003	7	400	600	FALSE	1801	1	7605	90	7695
330	2003-II-8	2003	8	348	18156	FALSE	1060	1	5014	84	5098
331	2003-II-9	2003	9	6	0	FALSE	1242	1	5698	153	5851
332	2003-II-10	2003	10	156	452	FALSE	1450	1	7375	82	7457
333	2003-II-11	2003	11	578	390	FALSE	1727	1	8474	180	8654
334	2003-II-12	2003	12	134	27	FALSE	1815	1	7144	109	7253
335	2003-II-13	2003	13	683	683	TRUE	1827	1	8267	125	8392
336	2003-II-14	2003	14	51	27	FALSE	1729	1	6390	207	6597
337	2004-I-1	2004	1	217	154	FALSE	1257	1	6959	85	7044
338	2004-I-2	2004	2	201	201	TRUE	1477	1	6959	109	7068
339	2004-I-3	2004	3	241	241	TRUE	778	1	2645	118	2763
340	2004-I-4	2004	4	86	200	FALSE	2326	1	8882	110	8992
341	2004-I-5	2004	5	849	103	FALSE	1994	1	7175	231	7406
342	2004-I-6	2004	6	882	126	FALSE	1126	1	4106	124	4230
343	2004-I-7	2004	7	588	6580	FALSE	1340	1	5944	101	6045
344	2004-I-9	2004	9	35	13	FALSE	1911	1	7713	198	7911
345	2004-I-10	2004	10	817	286	FALSE	1872	1	6813	112	6925
346	2004-I-11	2004	11	512	8	FALSE	2470	1	11804	177	11981
347	2004-I-12	2004	12	14	14	TRUE	2266	1	10835	189	11024
348	2004-I-13	2004	13	482	11	FALSE	1602	1	7613	197	7810
349	2004-I-14	2004	14	813	50	FALSE	1977	1	7482	166	7648
350	2004-I-15	2004	15	511	2	FALSE	1516	1	5214	219	5433
351	2004-II-1	2004	1	592	592	TRUE	1955	1	8897	171	9068
352	2004-II-2	2004	2	441	441	TRUE	1521	1	5867	113	5980
353	2004-II-3	2004	3	384	585	FALSE	1015	0.6	4091	104	4195
354	2004-II-4	2004	4	927	999	FALSE	1837	1	6275	64	6339
355	2004-II-5	2004	5	766	766	TRUE	1791	1	7198	201	7399
356	2004-II-6	2004	6	408	144	FALSE	1442	1	6344	187	6531
357	2004-II-7	2004	7	293	293	TRUE	2075	1	9512	376	9888
358	2004-II-8	2004	8	54	6	FALSE	1317	1	7452	73	7525
359	2004-II-9	2004	9	973	521	FALSE	1772	1	8836	187	9023
360	2004-II-10	2004	10	913	309	FALSE	1381	1	6260	114	6374
361	2004-II-11	2004	11	625	625	TRUE	1649	1	6475	137	6612
362	2004-II-12	2004	12	134	15	FALSE	1064	1	4568	183	4751
363	2004-II-13	2004	13	484	26	FALSE	885	1	2884	133	3017
364	2004-II-14	2004	14	108	1000	FALSE	1287	1	4314	140	4454
365	2004-II-15	2004	15	593	941	FALSE	1058	1	3107	210	3317
366	2005-I-1	2005	1	942	942	TRUE	1071	1	3760	110	3870
367	2005-I-2	2005	2	12	12	TRUE	847	1	3622	119	3741
368	2005-I-3	2005	3	109	55	FALSE	1405	1	6944	71	7015
369	2005-I-4	2005	4	294	294	TRUE	1965	1	9705	122	9827
370	2005-I-5	2005	5	630	140	FALSE	1120	1	3114	116	3230
371	2005-I-6	2005	6	45	45	TRUE	901	1	4775	87	4862
372	2005-I-7	2005	7	150	42	FALSE	1004	1	5152	110	5262
373	2005-I-8	2005	8	113	38	FALSE	1621	1	8759	111	8870
374	2005-I-9	2005	9	74	2	FALSE	1367	1	4268	151	4419
375	2005-I-10	2005	10	47	47	TRUE	1736	1	10251	125	10376
376	2005-I-11	2005	11	544	48	FALSE	1516	1	6114	85	6199
377	2005-I-12	2005	12	25	1037	FALSE	1354	1	5560	180	5740
378	2005-I-14	2005	14	936	90	FALSE	1248	1	5883	125	6008
379	2005-I-15	2005	15	38	103	FALSE	1102	1	4153	110	4263
380	2005-II-1	2005	1	13	13	TRUE	997	1	5237	107	5344
381	2005-II-2	2005	2	79	79	TRUE	1245	1	4422	144	4566
382	2005-II-3	2005	3	802	802	TRUE	1269	1	6521	110	6631
383	2005-II-4	2005	4	435	30	FALSE	3000	1	23624	77	23701
384	2005-II-5	2005	5	54	54	TRUE	1202	1	5537	101	5638
385	2005-II-6	2005	6	392	262	FALSE	1280	1	4752	216	4968
386	2005-II-7	2005	7	125	125	TRUE	995	1	6075	100	6175
387	2005-II-8	2005	8	405	15	FALSE	952	1	4237	190	4427
388	2005-II-9	2005	9	250	250	TRUE	1594	1	7221	90	7311
389	2005-II-10	2005	10	11	7	FALSE	1780	1	7405	113	7518
390	2005-II-11	2005	11	889	889	TRUE	1052	1	5806	139	5945
391	2005-II-12	2005	12	307	402	FALSE	1522	1	9174	147	9321
392	2005-II-13	2005	13	418	180	FALSE	2243	1	13381	111	13492
393	2005-II-14	2005	14	463	9	FALSE	599	1	2622	131	2753
394	2005-II-15	2005	15	169	25	FALSE	1906	1	8374	173	8547
395	2006-I-1	2006	1	84	84	TRUE	752	1	3207	99	3306
396	2006-I-2	2006	2	901	901	TRUE	995	1	4522	103	4625
397	2006-I-3	2006	3	725	725	TRUE	1751	1	7821	73	7894
398	2006-I-4	2006	4	124	100	FALSE	1520	1	7121	99	7220
399	2006-I-5	2006	5	936	936	TRUE	1502	1	7813	123	7936
400	2006-I-6	2006	6	360	360	TRUE	1627	1	6706	98	6804
401	2006-I-7	2006	7	408	1	FALSE	1623	1	5706	360	6066
402	2006-I-8	2006	8	89	1	FALSE	1697	1	5990	387	6377
403	2006-I-9	2006	9	46	137	FALSE	1545	1	7459	128	7587
404	2006-I-10	2006	10	65	46	FALSE	1167	1	4645	258	4903
405	2006-I-12	2006	12	906	150	FALSE	1088	1	4791	105	4896
406	2006-I-13	2006	13	899	3	FALSE	1619	1	7505	140	7645
407	2006-I-14	2006	14	183	9	FALSE	1624	1	5798	208	6006
408	2006-I-15	2006	15	27	3	FALSE	1385	1	6390	104	6494
409	2006-II-1	2006	1	46	46	TRUE	1626	1	6583	118	6701
410	2006-II-2	2006	2	893	893	TRUE	1106	1	4891	105	4996
411	2006-II-3	2006	3	49	49	TRUE	1369	1	4845	81	4926
412	2006-II-5	2006	5	29	29	TRUE	2310	0.8	11289	202	11491
413	2006-II-6	2006	6	12	12	TRUE	2195	0.6	10904	171	11075
414	2006-II-7	2006	7	738	819	FALSE	1597	1	5644	81	5725
415	2006-II-8	2006	8	336	336	TRUE	1519	1	4483	235	4718
416	2006-II-9	2006	9	27	77	FALSE	2607	0.8	12173	234	12407
417	2006-II-10	2006	10	831	191	FALSE	2202	1	11850	172	12022
418	2006-II-11	2006	11	834	179	FALSE	1252	1	7067	160	7227
419	2006-II-12	2006	12	865	34	FALSE	1452	1	5214	262	5476
420	2006-II-13	2006	13	15	2	FALSE	1402	1	5660	83	5743
421	2006-II-14	2006	14	63	6	FALSE	1986	1	9559	93	9652
422	2006-II-15	2006	15	9	7	FALSE	847	1	4083	201	4284
423	2007-I-1	2007	1	83	83	TRUE	1226	1	5106	64	5170
424	2007-I-2	2007	2	52	24	FALSE	2526	0.8	8774	178	8952
425	2007-I-3	2007	3	15	27	FALSE	1225	1	5752	105	5857
426	2007-I-4	2007	4	105	420	FALSE	962	1	3007	119	3126
427	2007-I-5	2007	5	539	539	TRUE	1108	1	3091	130	3221
428	2007-I-6	2007	6	169	3	FALSE	1114	1	5852	174	6026
429	2007-I-7	2007	7	477	477	TRUE	1177	1	5306	154	5460
430	2007-I-8	2007	8	30	29	FALSE	1459	1	6460	117	6577
431	2007-I-9	2007	9	737	5	FALSE	1212	1	4914	218	5132
432	2007-I-10	2007	10	860	860	TRUE	1442	1	4006	139	4145
433	2007-I-11	2007	11	955	955	TRUE	837	1	3399	140	3539
434	2007-I-12	2007	12	875	25	FALSE	2112	1	10197	193	10390
435	2007-I-13	2007	13	80	32	FALSE	2394	1	11112	112	11224
436	2007-I-14	2007	14	224	3	FALSE	1978	0.6	9559	139	9698
437	2007-I-15	2007	15	989	21	FALSE	1532	1	6998	184	7182
438	2007-II-1	2007	1	372	372	TRUE	1185	1	3745	134	3879
439	2007-II-2	2007	2	200	198	FALSE	1268	1	6483	102	6585
440	2007-II-4	2007	4	450	300	FALSE	1309	1	5767	157	5924
441	2007-II-5	2007	5	888	888	TRUE	1210	1	4514	103	4617
442	2007-II-6	2007	6	640	10	FALSE	1520	0.8	5252	124	5376
443	2007-II-7	2007	7	553	529	FALSE	999	0.6	4906	211	5117
444	2007-II-9	2007	9	259	0	FALSE	1682	1	9259	137	9396
445	2007-II-10	2007	10	710	710	TRUE	1863	1	7998	192	8190
446	2007-II-11	2007	11	179	193	FALSE	1197	1	4076	203	4279
447	2007-II-12	2007	12	91	63	FALSE	1216	1	5814	143	5957
448	2007-II-13	2007	13	640	1024	FALSE	1619	0.6	5683	279	5962
449	2007-II-14	2007	14	676	125	FALSE	4048	1	23624	111	23735
450	2007-II-15	2007	15	389	10	FALSE	1786	1	7159	206	7365
451	2008-I-1	2008	1	252	252	TRUE	937	1	3791	118	3909
452	2008-I-2	2008	2	25	40	FALSE	1474	1	5606	113	5719
453	2008-I-3	2008	3	314	314	TRUE	1280	1	5606	165	5771
454	2008-I-4	2008	4	80	80	TRUE	899	1	3522	86	3608
455	2008-I-5	2008	5	14	14	TRUE	1590	1	6321	180	6501
456	2008-I-6	2008	6	17	1	FALSE	1565	1	6190	138	6328
457	2008-I-7	2008	7	708	708	TRUE	1016	1	3630	143	3773
458	2008-I-8	2008	8	47	47	TRUE	1231	1	6836	108	6944
459	2008-I-9	2008	9	190	190	TRUE	1832	1	7329	152	7481
460	2008-I-10	2008	10	32	27	FALSE	1915	1	8651	210	8861
461	2008-I-11	2008	11	172	21	FALSE	1674	1	7890	130	8020
462	2008-I-12	2008	12	375	2	FALSE	4246	0.8	23624	201	23825
463	2008-I-13	2008	13	40	4	FALSE	2410	1	11773	269	12042
464	2008-I-14	2008	14	432	324	FALSE	2146	1	7690	148	7838
465	2008-II-1	2008	1	100	100	TRUE	1061	1	4745	127	4872
466	2008-II-2	2008	2	620	375	FALSE	1446	1	4791	128	4919
467	2008-II-3	2008	3	729	520	FALSE	863	1	2638	132	2770
468	2008-II-4	2008	4	21	21	TRUE	1084	1	3445	159	3604
469	2008-II-5	2008	5	504	504	TRUE	1514	0.6	7467	142	7609
470	2008-II-6	2008	6	561	561	TRUE	775	1	3199	198	3397
471	2008-II-7	2008	7	753	753	TRUE	899	1	4606	108	4714
472	2008-II-8	2008	8	251	251	TRUE	982	1	4130	119	4249
473	2008-II-9	2008	9	19	1500	FALSE	1659	1	6698	133	6831
474	2008-II-11	2008	11	254	80	FALSE	1972	1	8428	196	8624
475	2008-II-12	2008	12	310	310	TRUE	1787	1	5175	131	5306
476	2008-II-13	2008	13	29	27	FALSE	1593	1	5875	149	6024
477	2008-II-14	2008	14	7	7	TRUE	2324	0.6	13388	179	13567
478	2009-I-1	2009	1	840	840	TRUE	1071	1	2999	85	3084
479	2009-I-2	2009	2	697	697	TRUE	765	0.8	4006	88	4094
480	2009-I-3	2009	3	11	11	TRUE	1392	1	6952	137	7089
481	2009-I-4	2009	4	177	177	TRUE	1188	1	5360	148	5508
482	2009-I-5	2009	5	72	72	TRUE	2250	1	10966	178	11144
483	2009-I-6	2009	6	412	412	TRUE	1525	1	7267	85	7352
484	2009-I-7	2009	7	41	5	FALSE	1932	1	10074	127	10201
485	2009-I-8	2009	8	398	398	TRUE	930	1	3814	112	3926
486	2009-I-9	2009	9	420	420	TRUE	1287	1	3891	168	4059
487	2009-I-10	2009	10	346	1	FALSE	3334	0.4	9874	189	10063
488	2009-I-11	2009	11	600	600	TRUE	1235	1	4622	110	4732
489	2009-I-12	2009	12	11	12	FALSE	4157	0.8	23624	191	23815
490	2009-I-13	2009	13	90	90	TRUE	1373	1	4937	113	5050
491	2009-I-14	2009	14	905	3800	FALSE	1545	1	8851	134	8985
492	2009-I-15	2009	15	150	115	FALSE	3879	1	14296	205	14501
493	2009-II-1	2009	1	114	114	TRUE	1262	1	4775	149	4924
494	2009-II-2	2009	2	469	489	FALSE	1814	1	10505	156	10661
495	2009-II-3	2009	3	141	141	TRUE	1015	1	4945	95	5040
496	2009-II-4	2009	4	89	89	TRUE	1417	1	5283	115	5398
497	2009-II-5	2009	5	32	32	TRUE	2292	1	9213	329	9542
498	2009-II-6	2009	6	750	750	TRUE	1253	1	3645	97	3742
499	2009-II-7	2009	7	401	200	FALSE	1834	1	9159	158	9317
500	2009-II-8	2009	8	41	113	FALSE	2439	1	12542	129	12671
501	2009-II-9	2009	9	0	0	TRUE	1736	0.6	7282	121	7403
502	2009-II-10	2009	10	96	320	FALSE	1663	0.6	7021	270	7291
503	2009-II-11	2009	11	125	66	FALSE	2109	1	10051	106	10157
504	2009-II-12	2009	12	803	502	FALSE	1183	1	4022	127	4149
505	2009-II-13	2009	13	672	49	FALSE	1907	0.8	9966	144	10110
506	2009-II-14	2009	14	983	983	TRUE	504	1	1992	117	2109
507	2009-II-15	2009	15	14	371	FALSE	2187	1	11081	215	11296
508	2010-I-1	2010	1	107	107	TRUE	1934	1	8190	129	8319
509	2010-I-2	2010	2	109	1039	FALSE	2256	1	10035	97	10132
510	2010-I-3	2010	3	529	529	TRUE	1270	1	6090	107	6197
511	2010-I-4	2010	4	515	515	TRUE	1672	1	5221	121	5342
512	2010-I-5	2010	5	501	502	FALSE	1351	1	7113	121	7234
513	2010-I-6	2010	6	406	406	TRUE	1899	1	10904	116	11020
514	2010-I-7	2010	7	760	760	TRUE	2057	1	6698	212	6910
515	2010-I-8	2010	8	132	26	FALSE	1486	1	6360	198	6558
516	2010-I-9	2010	9	158	158	TRUE	1529	1	9251	140	9391
517	2010-I-10	2010	10	202	202	TRUE	1670	1	6229	178	6407
518	2010-I-11	2010	11	365	10	FALSE	1943	1	8628	185	8813
519	2010-I-12	2010	12	243	243	TRUE	1599	1	4437	163	4600
520	2010-I-13	2010	13	69	63	FALSE	2239	1	10066	221	10287
521	2010-I-14	2010	14	109	109	TRUE	863	1	3437	127	3564
522	2010-I-15	2010	15	45	15	FALSE	1189	1	5883	145	6028
523	2010-II-1	2010	1	640	640	TRUE	1427	1	4622	89	4711
524	2010-II-2	2010	2	281	281	TRUE	1675	1	6713	133	6846
525	2010-II-3	2010	3	150	150	TRUE	1099	1	4053	104	4157
526	2010-II-4	2010	4	52	52	TRUE	1391	1	7144	145	7289
527	2010-II-5	2010	5	75	81	FALSE	2179	1	9413	141	9554
528	2010-II-6	2010	6	8	8	TRUE	1253	1	6029	83	6112
529	2010-II-7	2010	7	136	0	FALSE	1886	1	9297	130	9427
530	2010-II-9	2010	9	11	5	FALSE	1744	1	7367	208	7575
531	2010-II-10	2010	10	163	24	FALSE	1364	1	5521	74	5595
532	2010-II-12	2010	12	676	676	TRUE	3227	0.8	16533	93	16626
533	2010-II-13	2010	13	263	263	TRUE	2051	1	7405	203	7608
534	2010-II-14	2010	14	7	14	FALSE	1814	0.6	8720	164	8884
535	2010-II-15	2010	15	218	4	FALSE	2009	1	8328	213	8541
536	2011-I-1	2011	1	85	72	FALSE	1676	1	9020	185	9205
537	2011-I-2	2011	2	36	16	FALSE	1550	0.8	8190	196	8386
538	2011-I-3	2011	3	31	13	FALSE	1874	1	7628	204	7832
539	2011-I-4	2011	4	56	56	TRUE	2136	1	10343	160	10503
540	2011-I-5	2011	5	144	144	TRUE	906	1	2914	124	3038
541	2011-I-6	2011	6	11	3	FALSE	1815	1	8682	143	8825
542	2011-I-7	2011	7	16	2012	FALSE	1661	0.8	7229	112	7341
543	2011-I-9	2011	9	192	72	FALSE	1465	0.6	7698	96	7794
544	2011-I-10	2011	10	503	24	FALSE	1821	0.8	5983	95	6078
545	2011-I-11	2011	11	7	0	FALSE	1152	1	5360	111	5471
546	2011-I-12	2011	12	594	10	FALSE	2207	1	6744	112	6856
547	2011-I-13	2011	13	330	50	FALSE	2091	1	8274	147	8421
548	2011-I-14	2011	14	37	4	FALSE	1663	1	6221	375	6596
549	2011-I-15	2011	15	98	92	FALSE	1408	1	6744	97	6841
550	2011-II-1	2011	1	37	7	FALSE	1315	0.6	4899	104	5003
551	2011-II-2	2011	2	810	810	TRUE	2414	1	9305	95	9400
552	2011-II-3	2011	3	143	143	TRUE	1494	1	6990	75	7065
553	2011-II-4	2011	4	51	31	FALSE	1020	1	4060	154	4214
554	2011-II-5	2011	5	542	542	TRUE	1755	0.8	8228	97	8325
555	2011-II-6	2011	6	80	80	TRUE	745	1	2499	93	2592
556	2011-II-7	2011	7	3	3	TRUE	3889	1	13865	181	14046
557	2011-II-8	2011	8	784	180	FALSE	1853	0.8	9389	154	9543
558	2011-II-9	2011	9	559	559	TRUE	1714	1	9328	222	9550
559	2011-II-10	2011	10	57	1000	FALSE	2082	1	9597	150	9747
560	2011-II-11	2011	11	73	1	FALSE	2351	1	12219	384	12603
561	2011-II-12	2011	12	97	97	TRUE	2285	1	7352	110	7462
562	2011-II-13	2011	13	96	144	FALSE	2324	1	9959	154	10113
563	2011-II-14	2011	14	440	0	FALSE	2175	1	8421	145	8566
564	2011-II-15	2011	15	850	10	FALSE	3385	1	19979	178	20157
565	2012-I-1	2012	1	40	40	TRUE	901	1	3322	94	3416
566	2012-I-2	2012	2	195	105	FALSE	2671	0.8	14580	139	14719
567	2012-I-3	2012	3	216	133497	FALSE	1400	1	5898	118	6016
568	2012-I-4	2012	4	279	12	FALSE	1753	1	6852	218	7070
569	2012-I-5	2012	5	330	6435	FALSE	1152	1	3807	108	3915
570	2012-I-6	2012	6	71	71	TRUE	658	1	3176	112	3288
571	2012-I-9	2012	9	49	3	FALSE	3270	1	23624	142	23766
572	2012-I-10	2012	10	170	170	TRUE	1401	1	4737	168	4905
573	2012-I-11	2012	11	373	373	TRUE	1148	1	4145	201	4346
574	2012-I-12	2012	12	18	7	FALSE	718	1	2938	180	3118
575	2012-I-13	2012	13	41	2334	FALSE	1319	1	5775	149	5924
576	2012-I-14	2012	14	375	250	FALSE	983	1	4383	130	4513
577	2012-II-1	2012	1	34	34	TRUE	785	1	2991	78	3069
578	2012-II-2	2012	2	363	363	TRUE	661	1	3491	124	3615
579	2012-II-3	2012	3	88	64	FALSE	1060	1	2738	117	2855
580	2012-II-4	2012	4	61	105	FALSE	1924	1	8659	249	8908
581	2012-II-6	2012	6	125	625	FALSE	1027	1	5260	111	5371
582	2012-II-7	2012	7	32	32	TRUE	1127	1	3368	97	3465
583	2012-II-8	2012	8	40	100	FALSE	1735	1	7544	107	7651
584	2012-II-9	2012	9	107	10	FALSE	1523	1	8136	147	8283
585	2012-II-10	2012	10	496	496	TRUE	1128	1	5175	106	5281
586	2012-II-11	2012	11	8	4	FALSE	1526	0.8	7429	145	7574
587	2012-II-12	2012	12	958	958	TRUE	1248	1	4937	183	5120
588	2012-II-13	2012	13	677	677	TRUE	1531	1	5791	140	5931
589	2012-II-14	2012	14	16	272	FALSE	1874	1	7236	124	7360
590	2012-II-15	2012	15	919	109	FALSE	2110	1	8167	170	8337
591	2013-I-1	2013	1	150	90	FALSE	1717	1	7336	121	7457
592	2013-I-3	2013	3	18	3	FALSE	2166	1	10866	161	11027
593	2013-I-4	2013	4	429	10	FALSE	1970	0.6	6106	337	6443
594	2013-I-5	2013	5	98	8	FALSE	2421	1	12373	116	12489
595	2013-I-6	2013	6	47	47	TRUE	1655	1	5145	145	5290
596	2013-I-7	2013	7	41	41	TRUE	1947	1	9282	125	9407
597	2013-I-8	2013	8	371	15	FALSE	2026	0.6	10282	119	10401
598	2013-I-9	2013	9	113	47	FALSE	1737	0.6	6406	417	6823
599	2013-I-10	2013	10	80	100	FALSE	2817	1	15003	154	15157
600	2013-I-11	2013	11	148	21	FALSE	2798	0.6	14634	194	14828
601	2013-I-12	2013	12	21	11	FALSE	1485	1	5391	215	5606
602	2013-I-13	2013	13	961	45	FALSE	2263	0.8	9274	228	9502
603	2013-I-14	2013	14	36	64	FALSE	1957	0.8	9343	276	9619
604	2013-I-15	2013	15	272	0	FALSE	1780	1	7267	162	7429
605	2013-II-1	2013	1	275	106	FALSE	1244	0.6	4760	236	4996
606	2013-II-2	2013	2	881	881	TRUE	1631	1	8928	98	9026
607	2013-II-3	2013	3	350	350	TRUE	1349	1	5229	178	5407
608	2013-II-4	2013	4	40	22	FALSE	1911	1	9136	173	9309
609	2013-II-5	2013	5	20	20	TRUE	1735	1	8259	132	8391
610	2013-II-6	2013	6	282	1	FALSE	2922	1	15042	81	15123
611	2013-II-7	2013	7	945	225	FALSE	1921	1	8413	163	8576
612	2013-II-8	2013	8	272	278	FALSE	2336	1	10920	123	11043
613	2013-II-9	2013	9	106	106	TRUE	1485	0.6	4460	234	4694
614	2013-II-10	2013	10	146	70	FALSE	1826	1	7367	199	7566
615	2013-II-11	2013	11	399	448	FALSE	1430	1	4729	121	4850
616	2013-II-12	2013	12	540	64	FALSE	1193	1	4053	124	4177
617	2013-II-13	2013	13	10	64	FALSE	1963	1	10197	158	10355
618	2013-II-14	2013	14	512	512	TRUE	1095	1	4429	141	4570
619	2013-II-15	2013	15	222	7	FALSE	1406	1	7090	227	7317
620	2014-I-1	2014	1	790	773	FALSE	1218	1	4483	450	4933
621	2014-I-2	2014	2	144	144	TRUE	1419	1	6260	107	6367
622	2014-I-3	2014	3	200	200	TRUE	1066	1	3637	89	3726
623	2014-I-4	2014	4	49	12	FALSE	2191	0.8	9389	177	9566
624	2014-I-5	2014	5	134	144	FALSE	852	0.8	2753	144	2897
625	2014-I-6	2014	6	36	36	TRUE	1646	1	8528	105	8633
626	2014-I-7	2014	7	100	122	FALSE	1609	1	7113	180	7293
627	2014-I-8	2014	8	937	937	TRUE	931	1	3545	92	3637
628	2014-I-9	2014	9	2	2	TRUE	1712	1	9366	104	9470
629	2014-I-10	2014	10	58	2	FALSE	1782	1	5760	224	5984
630	2014-I-11	2014	11	391	517	FALSE	1842	1	6590	149	6739
631	2014-I-12	2014	12	453	47	FALSE	2381	0.8	10020	127	10147
632	2014-I-13	2014	13	850	850	TRUE	3396	1	14242	511	14753
633	2014-I-14	2014	14	263	13	FALSE	2247	1	9612	151	9763
634	2014-I-15	2014	15	41	24	FALSE	1425	1	5414	185	5599
635	2014-II-1	2014	1	334	260	FALSE	1489	1	6475	143	6618
636	2014-II-2	2014	2	76	76	TRUE	1707	1	9313	211	9524
637	2014-II-3	2014	3	720	12	FALSE	5676	1	23624	505	24129
638	2014-II-4	2014	4	447	123	FALSE	1224	1	5460	126	5586
639	2014-II-5	2014	5	420	240	FALSE	1456	1	7013	109	7122
640	2014-II-6	2014	6	167	263	FALSE	1975	1	7575	157	7732
641	2014-II-7	2014	7	21	2	FALSE	1625	1	7767	99	7866
642	2014-II-8	2014	8	254	2	FALSE	10672	1	23624	154	23778
643	2014-II-9	2014	9	581	520	FALSE	2205	1	7636	70	7706
644	2014-II-10	2014	10	147	49	FALSE	1479	1	6906	151	7057
645	2014-II-11	2014	11	56	9	FALSE	1594	1	7075	191	7266
646	2014-II-12	2014	12	399	399	TRUE	791	1	3337	122	3459
647	2014-II-13	2014	13	28	1109	FALSE	1864	1	6506	141	6647
648	2014-II-14	2014	14	77	100	FALSE	2524	0.8	13304	194	13498
649	2014-II-15	2014	15	149	6	FALSE	2051	1	10597	176	10773
650	2015-I-1	2015	1	722	722	TRUE	944	1	3837	156	3993
651	2015-I-2	2015	2	139	139	TRUE	1627	1	5998	137	6135
652	2015-I-3	2015	3	307	307	TRUE	2997	1	16741	74	16815
653	2015-I-4	2015	4	507	507	TRUE	1830	1	8720	149	8869
654	2015-I-5	2015	5	341	341	TRUE	1910	1	5937	152	6089
655	2015-I-6	2015	6	58	30	FALSE	1212	1	4568	361	4929
656	2015-I-7	2015	7	539	99	FALSE	1149	1	4783	471	5254
657	2015-I-8	2015	8	695	695	TRUE	526	1	1922	90	2012
658	2015-I-9	2015	9	494	190	FALSE	1298	1	5421	152	5573
659	2015-I-10	2015	10	72	72	TRUE	1432	1	6959	106	7065
660	2015-I-11	2015	11	108	32	FALSE	2827	1	11343	97	11440
661	2015-I-12	2015	12	431	3017	FALSE	1670	1	7798	124	7922
662	2015-I-13	2015	13	91	2	FALSE	2216	1	11097	99	11196
663	2015-I-14	2015	14	483	500	FALSE	1659	1	7359	159	7518
664	2015-I-15	2015	15	53	54	FALSE	1125	1	4460	1263	5723
665	2015-II-1	2015	1	131	131	TRUE	1150	1	4491	91	4582
666	2015-II-2	2015	2	25	25	TRUE	1079	1	5075	164	5239
667	2015-II-3	2015	3	476	170	FALSE	2422	1	9336	72	9408
668	2015-II-4	2015	4	18	18	TRUE	1637	1	8044	129	8173
669	2015-II-5	2015	5	90	90	TRUE	3007	1	9835	100	9935
670	2015-II-6	2015	6	440	216	FALSE	2291	1	12327	196	12523
671	2015-II-7	2015	7	161	161	TRUE	1383	1	6114	198	6312
672	2015-II-8	2015	8	36	65	FALSE	2545	1	15311	124	15435
673	2015-II-9	2015	9	384	262144	FALSE	780	1	2645	528	3173
674	2015-II-10	2015	10	486	486	TRUE	885	1	2845	183	3028
675	2015-II-11	2015	11	23	3	FALSE	1383	0.8	4714	142	4856
676	2015-II-12	2015	12	548	548	TRUE	1607	0.8	7875	97	7972
677	2015-II-13	2015	13	628	628	TRUE	920	1	2930	111	3041
678	2015-II-14	2015	14	89	270	FALSE	1605	0.6	10866	108	10974
679	2015-II-15	2015	15	129	25	FALSE	2103	0.6	8674	444	9118
680	2016-I-1	2016	1	336	336	TRUE	983	1	5329	124	5453
681	2016-I-2	2016	2	71	71	TRUE	1335	1	6490	125	6615
682	2016-I-3	2016	3	810	5	FALSE	1296	1	4322	397	4719
683	2016-I-4	2016	4	108	144	FALSE	1316	1	4091	140	4231
684	2016-I-5	2016	5	53	47	FALSE	2457	1	9120	160	9280
685	2016-I-6	2016	6	13	11	FALSE	1711	1	5729	157	5886
686	2016-I-7	2016	7	103	89	FALSE	1120	1	5037	117	5154
687	2016-I-8	2016	8	162	162	TRUE	1478	1	5145	183	5328
688	2016-I-9	2016	9	744	1240	FALSE	1296	1	6144	115	6259
689	2016-I-10	2016	10	504	3	FALSE	1883	1	8751	161	8912
690	2016-I-11	2016	11	109	29	FALSE	1835	1	9105	129	9234
691	2016-I-12	2016	12	132	4	FALSE	4140	1	23624	76	23700
692	2016-I-13	2016	13	273	144	FALSE	1724	1	7898	204	8102
693	2016-I-14	2016	14	574	2574	FALSE	1119	1	4345	127	4472
694	2016-I-15	2016	15	270	270	TRUE	1959	1	7421	201	7622
695	2016-II-1	2016	1	108	6	FALSE	1377	0.8	7021	135	7156
696	2016-II-2	2016	2	107	107	TRUE	1513	1	7136	132	7268
697	2016-II-3	2016	3	265	273	FALSE	1337	1	7190	144	7334
698	2016-II-4	2016	4	180	4500	FALSE	1776	1	6952	189	7141
699	2016-II-5	2016	5	182	12	FALSE	2029	1	8274	179	8453
700	2016-II-6	2016	6	275	275	TRUE	1152	1	4906	156	5062
701	2016-II-7	2016	7	840	912	FALSE	2000	1	7998	161	8159
702	2016-II-8	2016	8	728	728	TRUE	1444	1	5883	101	5984
703	2016-II-9	2016	9	262	262	TRUE	1632	1	8105	130	8235
704	2016-II-10	2016	10	43	3	FALSE	1381	0.8	5760	161	5921
705	2016-II-11	2016	11	749	750	FALSE	5935	1	23201	116	23317
706	2016-II-12	2016	12	732	732	TRUE	491	1	1799	241	2040
707	2016-II-13	2016	13	371	3	FALSE	1613	0.6	5606	164	5770
708	2016-II-14	2016	14	450	400	FALSE	1726	1	7444	166	7610
709	2016-II-15	2016	15	863	3	FALSE	1333	0.8	7082	232	7314
710	2017-I-1	2017	1	390	390	TRUE	1456	1	5583	131	5714
711	2017-I-2	2017	2	62	62	TRUE	1919	1	9043	135	9178
712	2017-I-3	2017	3	69	70	FALSE	1960	0.6	10366	103	10469
713	2017-I-4	2017	4	803	771	FALSE	1712	0.6	7552	137	7689
714	2017-I-5	2017	5	321	727	FALSE	2273	1	11189	127	11316
715	2017-I-6	2017	6	48	12	FALSE	2360	1	9705	118	9823
716	2017-I-7	2017	7	564	564	TRUE	872	1	4199	153	4352
717	2017-I-8	2017	8	41	5	FALSE	1601	1	6313	193	6506
718	2017-I-9	2017	9	45	22	FALSE	2157	1	15211	110	15321
719	2017-I-10	2017	10	56	57	FALSE	1599	1	9674	167	9841
720	2017-I-11	2017	11	360	360	TRUE	1386	1	4199	177	4376
721	2017-I-12	2017	12	252	252	TRUE	895	1	3038	168	3206
722	2017-I-13	2017	13	59	0	FALSE	1320	0.8	5491	135	5626
723	2017-I-14	2017	14	896	1	FALSE	1624	1	6890	119	7009
724	2017-I-15	2017	15	145	22	FALSE	1752	0.8	7375	262	7637
725	2017-II-1	2017	1	196	196	TRUE	1353	1	7229	113	7342
726	2017-II-2	2017	2	781	57	FALSE	2197	1	9874	195	10069
727	2017-II-3	2017	3	409	11	FALSE	2366	1	11074	132	11206
728	2017-II-4	2017	4	222	222	TRUE	1087	1	3184	73	3257
729	2017-II-5	2017	5	791	28	FALSE	5220	0.4	23624	108	23732
730	2017-II-6	2017	6	195	168	FALSE	2365	1	12489	74	12563
731	2017-II-7	2017	7	501	1	FALSE	1349	1	5391	88	5479
732	2017-II-8	2017	8	134	2	FALSE	1210	1	4960	113	5073
733	2017-II-9	2017	9	13	8	FALSE	1885	1	5283	176	5459
734	2017-II-10	2017	10	546	462	FALSE	1546	1	7659	162	7821
735	2017-II-11	2017	11	544	768	FALSE	998	1	3414	108	3522
736	2017-II-12	2017	12	110	132	FALSE	1665	1	8397	470	8867
737	2017-II-13	2017	13	245	156	FALSE	1757	1	7798	119	7917
738	2017-II-14	2017	14	168	180	FALSE	2210	0.8	7444	114	7558
739	2017-II-15	2017	15	682	686	FALSE	1245	1	4975	151	5126
740	2018-I-1	2018	1	600	600	TRUE	1224	1	4414	128	4542
741	2018-I-2	2018	2	925	925	TRUE	1752	1	9835	165	10000
742	2018-I-3	2018	3	157	73	FALSE	1463	1	5006	169	5175
743	2018-I-4	2018	4	289	13	FALSE	1441	1	7352	153	7505
744	2018-I-5	2018	5	189	189	TRUE	1385	0.6	6129	129	6258
745	2018-I-6	2018	6	440	440	TRUE	2811	1	9282	98	9380
746	2018-I-7	2018	7	52	24	FALSE	3639	1	10435	99	10534
747	2018-I-8	2018	8	147	256	FALSE	4164	0.8	15772	103	15875
748	2018-I-9	2018	9	210	7	FALSE	1784	1	8059	135	8194
749	2018-I-10	2018	10	4	680	FALSE	1963	1	8236	565	8801
750	2018-I-11	2018	11	195	780	FALSE	2154	0.8	11889	85	11974
751	2018-I-12	2018	12	683	683	TRUE	1801	1	8690	152	8842
752	2018-I-13	2018	13	126	126	TRUE	1885	1	8413	144	8557
753	2018-I-14	2018	14	351	0	FALSE	2468	1	13019	137	13156
754	2018-I-15	2018	15	59	1	FALSE	7733	0.8	23624	220	23844
755	2018-II-1	2018	1	800	800	TRUE	1656	0.6	6913	190	7103
756	2018-II-2	2018	2	112	11	FALSE	3211	1	23624	149	23773
757	2018-II-3	2018	3	371	10	FALSE	1832	1	8520	95	8615
758	2018-II-4	2018	4	23	4	FALSE	1388	1	5214	160	5374
759	2018-II-5	2018	5	74	100	FALSE	1436	1	8359	143	8502
760	2018-II-6	2018	6	37	20	FALSE	1992	0.8	8474	143	8617
761	2018-II-7	2018	7	20	0	FALSE	1682	1	8136	346	8482
762	2018-II-8	2018	8	556	42	FALSE	966	1	4399	136	4535
763	2018-II-9	2018	9	184	184	TRUE	2087	1	10704	561	11265
764	2018-II-10	2018	10	756	99	FALSE	1537	1	5198	123	5321
765	2018-II-11	2018	11	461	240	FALSE	1976	1	8321	110	8431
766	2018-II-12	2018	12	112	112	TRUE	2170	1	8221	144	8365
767	2018-II-13	2018	13	647	2	FALSE	1518	1	7298	110	7408
768	2018-II-14	2018	14	227	29	FALSE	1298	0.4	5052	186	5238
769	2018-II-15	2018	15	185	24	FALSE	1826	1	9382	162	9544
770	2019-I-1	2019	1	342	342	TRUE	673	1	2245	104	2349
771	2019-I-2	2019	2	29	28	FALSE	1388	1	5837	158	5995
772	2019-I-3	2019	3	120	132	FALSE	1104	1	4837	149	4986
773	2019-I-4	2019	4	122	121	FALSE	1219	1	4176	195	4371
774	2019-I-5	2019	5	252	5	FALSE	1505	1	7521	183	7704
775	2019-I-6	2019	6	90	57	FALSE	1225	1	4606	141	4747
776	2019-I-7	2019	7	880	880	TRUE	1427	1	7121	173	7294
777	2019-I-8	2019	8	67	67	TRUE	1932	1	12581	120	12701
778	2019-I-9	2019	9	540	130	FALSE	2566	0.8	13757	94	13851
779	2019-I-10	2019	10	352	28	FALSE	1093	1	4745	212	4957
780	2019-I-11	2019	11	20	16	FALSE	1742	1	6067	162	6229
781	2019-I-12	2019	12	230	34	FALSE	1491	1	7951	140	8091
782	2019-I-13	2019	13	32	38	FALSE	1928	1	8336	205	8541
783	2019-I-14	2019	14	97	97	TRUE	762	1	2507	63	2570
784	2019-I-15	2019	15	65	125	FALSE	1861	1	7552	215	7767
785	2019-II-1	2019	1	59	22	FALSE	2136	1	10974	136	11110
786	2019-II-2	2019	2	107	107	TRUE	1436	1	7198	155	7353
787	2019-II-3	2019	3	96	60	FALSE	1172	1	4514	97	4611
788	2019-II-4	2019	4	187	1111	FALSE	1781	1	6129	97	6226
789	2019-II-5	2019	5	520	520	TRUE	1579	1	4937	138	5075
790	2019-II-6	2019	6	216	216	TRUE	1724	1	8490	130	8620
791	2019-II-7	2019	7	715	1	FALSE	8189	1	23624	178	23802
792	2019-II-8	2019	8	53	53	TRUE	1609	1	8859	132	8991
793	2019-II-9	2019	9	472	472	TRUE	1075	1	4245	127	4372
794	2019-II-10	2019	10	547	307	FALSE	1794	1	6906	136	7042
795	2019-II-11	2019	11	11	21	FALSE	1402	0.6	5052	162	5214
796	2019-II-12	2019	12	47	10	FALSE	1783	1	7098	127	7225
797	2019-II-13	2019	13	504	144	FALSE	1564	1	6267	258	6525
798	2019-II-14	2019	14	71	17	FALSE	1879	0.6	6275	90	6365
799	2019-II-15	2019	15	574	105	FALSE	1719	0.8	6313	187	6500
800	2020-I-1	2020	1	547	55	FALSE	1280	1	5214	143	5357
801	2020-I-2	2020	2	17	17	TRUE	974	1	4752	125	4877
802	2020-I-3	2020	3	621	621	TRUE	1871	1	9582	157	9739
803	2020-I-4	2020	4	93	88	FALSE	1612	1	9712	170	9882
804	2020-I-5	2020	5	52	12	FALSE	811	1	2345	90	2435
805	2020-I-6	2020	6	173	13	FALSE	1865	1	8913	135	9048
806	2020-I-7	2020	7	81	81	TRUE	1801	1	9036	132	9168
807	2020-I-8	2020	8	103	701	FALSE	2631	0.6	12696	153	12849
808	2020-I-9	2020	9	77	1463	FALSE	1187	1	5852	151	6003
809	2020-I-10	2020	10	407	3	FALSE	1244	1	5529	113	5642
810	2020-I-11	2020	11	510	250	FALSE	2644	1	14273	123	14396
811	2020-I-12	2020	12	270	1920	FALSE	1811	1	9359	92	9451
812	2020-I-13	2020	13	36	157	FALSE	2357	0.4	8751	184	8935
813	2020-I-14	2020	14	85	7921	FALSE	1671	1	8151	103	8254
814	2020-I-15	2020	15	58	9	FALSE	1433	1	5414	166	5580
815	2020-II-1	2020	1	231	231	TRUE	1099	1	5198	74	5272
816	2020-II-2	2020	2	171	27	FALSE	1820	1	8959	154	9113
817	2020-II-3	2020	3	103	103	TRUE	867	1	4391	111	4502
818	2020-II-4	2020	4	108	108	TRUE	2416	1	11289	157	11446
819	2020-II-5	2020	5	151	151	TRUE	1108	1	3891	214	4105
820	2020-II-6	2020	6	626	626	TRUE	876	1	3422	144	3566
821	2020-II-7	2020	7	298	169	FALSE	1688	1	5045	138	5183
822	2020-II-8	2020	8	101	1001	FALSE	1579	0.6	7359	112	7471
823	2020-II-9	2020	9	90	144	FALSE	1006	1	2668	141	2809
824	2020-II-10	2020	10	239	566	FALSE	1415	1	7821	92	7913
825	2020-II-11	2020	11	71	89	FALSE	2947	1	16187	182	16369
826	2020-II-12	2020	12	248	2000	FALSE	5220	0.6	23624	206	23830
827	2020-II-13	2020	13	60	45.5	FALSE	1948	1	9059	104	9163
828	2020-II-14	2020	14	10	100	FALSE	1447	0.6	6137	192	6329
829	2020-II-15	2020	15	717	571.5	FALSE	1104	1	4437	151	4588
830	2021-I-1	2021	1	97	683	FALSE	1852	1	6114	154	6268
831	2021-I-2	2021	2	109	109	TRUE	1334	1	6536	319	6855
832	2021-I-3	2021	3	50	47	FALSE	2556	1	13334	72	13406
833	2021-I-4	2021	4	331	2080	FALSE	1351	1	5329	89	5418
834	2021-I-5	2021	5	31	9	FALSE	3043	0.6	15042	91	15133
835	2021-I-6	2021	6	192	120	FALSE	1440	1	8482	138	8620
836	2021-I-7	2021	7	63	108	FALSE	1945	1	9643	90	9733
837	2021-I-8	2021	8	57	57	TRUE	1107	1	4799	83	4882
838	2021-I-9	2021	9	567	270	FALSE	2409	1	9874	122	9996
839	2021-I-10	2021	10	59	59	TRUE	1627	1	6383	177	6560
840	2021-I-11	2021	11	301	24	FALSE	866	1	3268	176	3444
841	2021-I-12	2021	12	19	29	FALSE	1974	1	6906	183	7089
842	2021-I-13	2021	13	672	1621	FALSE	1745	0.6	7613	164	7777
843	2021-I-14	2021	14	125	35	FALSE	1593	1	7236	117	7353
844	2021-I-15	2021	15	285	100	FALSE	3514	0.6	13757	128	13885
845	2021-II-1	2021	1	550	550	TRUE	880	1	3061	88	3149
846	2021-II-2	2021	2	336	336	TRUE	4346	1	15588	417	16005
847	2021-II-3	2021	3	80	80	TRUE	1135	1	4183	148	4331
848	2021-II-4	2021	4	330	110	FALSE	2257	0.6	11635	139	11774
849	2021-II-5	2021	5	736	800	FALSE	1912	0.8	7452	128	7580
850	2021-II-6	2021	6	454	32	FALSE	4169	1	23624	130	23754
851	2021-II-7	2021	7	145	50	FALSE	1502	1	6867	159	7026
852	2021-II-8	2021	8	49	1141	FALSE	2705	1	13950	194	14144
853	2021-II-9	2021	9	295	225	FALSE	1463	1	6552	108	6660
854	2021-II-10	2021	10	335	1	FALSE	6837	0.4	23624	167	23791
855	2021-II-11	2021	11	258	75	FALSE	4215	1	23624	192	23816
856	2021-II-12	2021	12	47	13	FALSE	1911	0.6	9336	133	9469
857	2021-II-13	2021	13	797	797	TRUE	507	1	1861	74	1935
858	2021-II-14	2021	14	592	3107	FALSE	1805	1	7682	189	7871
859	2021-II-15	2021	15	258	24	FALSE	3726	1	23624	191	23815
860	2022-I-1	2022	1	116	116	TRUE	1186	1	6606	106	6712
861	2022-I-2	2022	2	227	888	FALSE	3843	1	20094	110	20204
862	2022-I-3	2022	3	242	324	FALSE	1282	1	4514	136	4650
863	2022-I-4	2022	4	834	201	FALSE	2513	1	11781	123	11904
864	2022-I-5	2022	5	550	2	FALSE	4747	1	23624	168	23792
865	2022-I-6	2022	6	228	276	FALSE	2129	1	7821	96	7917
866	2022-I-7	2022	7	289	43	FALSE	2108	1	9389	129	9518
867	2022-I-8	2022	8	378	36	FALSE	2160	1	7175	223	7398
868	2022-I-9	2022	9	247	1301	FALSE	1713	0.6	5060	203	5263
869	2022-I-10	2022	10	756	1040	FALSE	1528	0.6	6221	121	6342
870	2022-I-11	2022	11	150	123	FALSE	1811	1	7482	364	7846
871	2022-I-12	2022	12	245	85	FALSE	1187	1	6298	292	6590
872	2022-I-13	2022	13	392	398	FALSE	2063	1	9436	203	9639
873	2022-I-14	2022	14	459	507	FALSE	3975	1	12873	190	13063
874	2022-I-15	2022	15	33	349	FALSE	1819	1	9851	183	10034
875	2022-II-1	2022	1	154	154	TRUE	1940	1	9136	110	9246
876	2022-II-2	2022	2	125	13	FALSE	1221	1	3922	183	4105
877	2022-II-3	2022	3	21	19	FALSE	2591	0.8	9736	98	9834
878	2022-II-4	2022	4	112	21	FALSE	2110	1	10835	151	10986
879	2022-II-5	2022	5	72	580	FALSE	1667	1	5791	99	5890
880	2022-II-6	2022	6	841	697	FALSE	1496	1	7805	179	7984
881	2022-II-7	2022	7	192	360	FALSE	1490	1	4814	81	4895
882	2022-II-8	2022	8	81	144	FALSE	1495	1	5029	139	5168
883	2022-II-9	2022	9	244	25	FALSE	1275	1	4737	574	5311
884	2022-II-10	2022	10	4	4	TRUE	648	1	2461	106	2567
885	2022-II-11	2022	11	180	84	FALSE	1586	0.6	4914	110	5024
886	2022-II-12	2022	12	23	521	FALSE	1300	1	4660	136	4796
887	2022-II-13	2022	13	220	0	FALSE	1342	1	5260	130	5390
888	2022-II-14	2022	14	188	311	FALSE	4638	1	14619	177	14796
889	2022-II-15	2022	15	140	192	FALSE	1546	1	6221	488	6709
890	2023-I-1	2023	1	191	145	FALSE	1360	1	4991	97	5088
891	2023-I-2	2023	2	881	881	TRUE	989	1	4606	132	4738
892	2023-I-3	2023	3	607	607	TRUE	1113	1	3522	134	3656
893	2023-I-4	2023	4	12	1	FALSE	1466	1	6759	116	6875
894	2023-I-5	2023	5	106	84	FALSE	1513	0.6	5652	91	5743
895	2023-I-6	2023	6	51	4	FALSE	1511	1	5860	122	5982
896	2023-I-7	2023	7	49	49	TRUE	997	1	3484	99	3583
897	2023-I-8	2023	8	125	80	FALSE	1075	1	4199	115	4314
898	2023-I-9	2023	9	738	7619	FALSE	1543	0.8	6944	127	7071
899	2023-I-10	2023	10	944	13	FALSE	1941	0.6	8774	148	8922
900	2023-I-11	2023	11	235	495	FALSE	1481	1	6175	114	6289
901	2023-I-12	2023	12	75	1	FALSE	1625	1	5591	153	5744
902	2023-I-13	2023	13	125	52	FALSE	1949	1	7782	253	8035
903	2023-I-14	2023	14	608	0	FALSE	2374	0.8	6406	381	6787
904	2023-II-1	2023	1	220	220	TRUE	1412	1	6406	113	6519
905	2023-II-2	2023	2	585	8	FALSE	3935	1	20409	104	20513
906	2023-II-3	2023	3	250	100	FALSE	1440	0.8	6044	108	6152
907	2023-II-4	2023	4	273	273	TRUE	1688	1	9136	126	9262
908	2023-II-5	2023	5	719	28	FALSE	1929	1	8482	146	8628
909	2023-II-6	2023	6	35	5	FALSE	1551	1	5175	189	5364
910	2023-II-7	2023	7	928	1092	FALSE	2116	0.8	6360	107	6467
911	2023-II-8	2023	8	24	7	FALSE	1651	1	7182	117	7299
912	2023-II-9	2023	9	33	145	FALSE	1751	0.4	6567	202	6769
913	2023-II-10	2023	10	144	55	FALSE	1542	0.8	5906	218	6124
914	2023-II-11	2023	11	81	1	FALSE	1719	1	4691	98	4789
915	2023-II-12	2023	12	247	19	FALSE	1822	1	8597	176	8773
916	2023-II-13	2023	13	167	0	FALSE	1551	1	7605	104	7709
917	2023-II-14	2023	14	751	449	FALSE	1036	1	3853	559	4412
918	2023-II-15	2023	15	363	500	FALSE	1702	0.8	7152	113	7265
919	2024-II-1	2024	1	73	73	TRUE	2267	1	10897	156	11053
920	2024-II-2	2024	2	236	216	FALSE	2040	0.8	7298	116	7414
921	2024-II-3	2024	3	45	0	FALSE	1652	1	6859	177	7036
922	2024-II-4	2024	4	33	16	FALSE	1901	1	10635	182	10817
923	2024-II-5	2024	5	80	100	FALSE	2987	1	9505	120	9625
924	2024-II-6	2024	6	55	31	FALSE	3445	1	11596	106	11702
925	2024-II-7	2024	7	699	1000	FALSE	2372	1	10012	113	10125
926	2024-II-8	2024	8	127	11	FALSE	1465	1	5091	414	5505
927	2024-II-10	2024	10	468	432	FALSE	1975	1	8321	99	8420
928	2024-II-11	2024	11	601	3	FALSE	1641	0.6	6583	114	6697
929	2024-II-12	2024	12	23	23	TRUE	2346	1	11127	210	11337
930	2024-II-13	2024	13	321	192	FALSE	1407	1	6590	100	6690
931	2024-II-14	2024	14	211	15	FALSE	1399	1	4837	162	4999
932	2024-II-15	2024	15	315	15	FALSE	974	1	3207	213	3420
