index,id,year,problem_number,gold_clean,predicted_answer,correct,response_length,confidence,completion_tokens,prompt_tokens,total_tokens
0,1983-1,1983,1,60,60.0,True,1223,1.0,5998,106,6104
1,1983-2,1983,2,15,15.0,True,730,1.0,3207,107,3314
2,1983-3,1983,3,20,20.0,True,1054,1.0,5268,85,5353
3,1983-4,1983,4,26,26.0,True,1082,1.0,4560,259,4819
4,1983-5,1983,5,4,4.0,True,1132,1.0,5591,92,5683
5,1983-6,1983,6,35,14.0,False,1630,1.0,9289,75,9364
6,1983-7,1983,7,57,42.0,False,1903,1.0,6060,124,6184
7,1983-8,1983,8,61,61.0,True,1986,1.0,11012,72,11084
8,1983-9,1983,9,12,12.0,True,842,1.0,3807,79,3886
9,1983-10,1983,10,432,432.0,True,1131,1.0,3330,96,3426
10,1983-11,1983,11,288,504.0,False,1483,1.0,5975,273,6248
11,1983-12,1983,12,65,65.0,True,2725,1.0,13158,119,13277
12,1983-13,1983,13,448,448.0,True,958,1.0,3245,163,3408
13,1983-14,1983,14,130,130.0,True,1847,1.0,7498,296,7794
14,1983-15,1983,15,175,600.0,False,2064,0.8,9528,349,9877
15,1984-1,1984,1,93,93.0,True,1129,1.0,5983,120,6103
16,1984-2,1984,2,592,592.0,True,1110,1.0,4053,84,4137
17,1984-3,1984,3,144,144.0,True,1494,1.0,5352,370,5722
18,1984-4,1984,4,649,538.0,False,1342,1.0,5006,121,5127
19,1984-5,1984,5,512,32768.0,False,1319,1.0,5860,83,5943
20,1984-6,1984,6,24,24.0,True,939,1.0,4245,143,4388
21,1984-7,1984,7,997,97.0,False,1452,1.0,7644,114,7758
22,1984-8,1984,8,160,100.0,False,1741,1.0,8713,93,8806
23,1984-9,1984,9,20,20.0,True,1083,1.0,4891,138,5029
24,1984-10,1984,10,119,119.0,True,1625,1.0,5083,181,5264
25,1984-11,1984,11,106,106.0,True,1349,1.0,3753,106,3859
26,1984-12,1984,12,401,401.0,True,1354,1.0,5283,136,5419
27,1984-13,1984,13,15,15.0,True,1092,1.0,5867,80,5947
28,1984-14,1984,14,38,38.0,True,1226,1.0,3599,64,3663
29,1985-1,1985,1,384,384.0,True,1126,1.0,6859,93,6952
30,1985-2,1985,2,26,26.0,True,1135,1.0,5621,127,5748
31,1985-3,1985,3,198,198.0,True,1242,1.0,7121,90,7211
32,1985-4,1985,4,32,32.0,True,1938,1.0,7567,128,7695
33,1985-5,1985,5,986,986.0,True,2193,1.0,10820,151,10971
34,1985-6,1985,6,315,84.0,False,1352,1.0,4391,100,4491
35,1985-7,1985,7,757,757.0,True,1102,1.0,5537,101,5638
36,1985-8,1985,8,61,86.0,False,1454,1.0,7982,226,8208
37,1985-9,1985,9,49,8.0,False,1420,1.0,6167,126,6293
38,1985-10,1985,10,600,600.0,True,4067,1.0,18371,130,18501
39,1985-11,1985,11,85,85.0,True,1088,1.0,4937,91,5028
40,1985-12,1985,12,182,162.0,False,2017,1.0,9712,168,9880
41,1985-13,1985,13,401,401.0,True,1603,1.0,9959,150,10109
42,1985-14,1985,14,25,25.0,True,2525,1.0,9728,165,9893
43,1985-15,1985,15,864,576.0,False,1090,1.0,3899,146,4045
44,1986-1,1986,1,337,337.0,True,662,1.0,2822,78,2900
45,1986-2,1986,2,104,104.0,True,852,1.0,4306,119,4425
46,1986-3,1986,3,150,150.0,True,945,1.0,4383,75,4458
47,1986-5,1986,5,890,890.0,True,855,1.0,3683,73,3756
48,1986-6,1986,6,33,33.0,True,1059,1.0,4914,112,5026
49,1986-7,1986,7,981,981.0,True,975,1.0,3460,105,3565
50,1986-8,1986,8,141,141.0,True,1052,1.0,4991,85,5076
51,1986-9,1986,9,306,306.0,True,1638,1.0,6536,116,6652
52,1986-10,1986,10,358,358.0,True,1911,1.0,7398,177,7575
53,1986-11,1986,11,816,816.0,True,1655,1.0,8859,137,8996
54,1986-12,1986,12,61,61.0,True,1427,0.8,6982,104,7086
55,1986-13,1986,13,560,2520.0,False,1707,1.0,5698,156,5854
56,1986-14,1986,14,750,300.0,False,2233,1.0,11704,111,11815
57,1986-15,1986,15,400,400.0,True,2070,1.0,8028,127,8155
58,1987-1,1987,1,300,200.0,False,1499,1.0,6898,95,6993
59,1987-2,1987,2,137,137.0,True,1220,1.0,4568,95,4663
60,1987-3,1987,3,182,236.0,False,1114,1.0,4237,102,4339
61,1987-4,1987,4,480,3600.0,False,1581,1.0,7652,76,7728
62,1987-5,1987,5,588,588.0,True,1268,1.0,4822,91,4913
63,1987-6,1987,6,193,193.0,True,1315,1.0,4752,137,4889
64,1987-7,1987,7,70,70.0,True,1955,1.0,9620,119,9739
65,1987-8,1987,8,112,55.0,False,1423,1.0,6137,90,6227
66,1987-9,1987,9,33,33.0,True,1343,1.0,6283,110,6393
67,1987-10,1987,10,120,120.0,True,1464,1.0,6090,127,6217
68,1987-11,1987,11,486,59049.0,False,4428,1.0,21470,74,21544
69,1987-12,1987,12,19,19.0,True,1607,0.6,7851,95,7946
70,1987-14,1987,14,373,373.0,True,831,1.0,3045,136,3181
71,1987-15,1987,15,462,90.0,False,1589,0.8,8282,115,8397
72,1988-2,1988,2,169,169.0,True,1432,1.0,6652,114,6766
73,1988-3,1988,3,27,27.0,True,1156,1.0,5744,76,5820
74,1988-5,1988,5,634,634.0,True,1303,1.0,5660,92,5752
75,1988-7,1988,7,110,140.0,False,1559,1.0,5698,95,5793
76,1988-8,1988,8,364,2.0,False,1773,1.0,8644,118,8762
77,1988-9,1988,9,192,192.0,True,583,1.0,1876,59,1935
78,1988-10,1988,10,840,876.0,False,1648,1.0,6037,118,6155
79,1988-13,1988,13,987,987.0,True,1720,1.0,8859,89,8948
80,1988-14,1988,14,84,84.0,True,1181,1.0,5960,120,6080
81,1988-15,1988,15,704,256.0,False,849,1.0,2699,219,2918
82,1989-1,1989,1,869,869.0,True,1008,1.0,4814,63,4877
83,1989-2,1989,2,968,968.0,True,751,1.0,2599,78,2677
84,1989-4,1989,4,675,675.0,True,1582,1.0,7498,100,7598
85,1989-5,1989,5,283,283.0,True,1197,1.0,4875,119,4994
86,1989-7,1989,7,925,925.0,True,1084,1.0,5837,105,5942
87,1989-8,1989,8,334,334.0,True,1648,1.0,12242,266,12508
88,1989-9,1989,9,144,144.0,True,701,1.0,2861,110,2971
89,1989-11,1989,11,947,999.0,False,1696,1.0,7375,152,7527
90,1989-13,1989,13,905,858.0,False,1695,0.4,6044,116,6160
91,1990-1,1990,1,528,528.0,True,2423,1.0,11812,95,11907
92,1990-2,1990,2,828,1296.0,False,1613,1.0,8490,80,8570
93,1990-3,1990,3,117,117.0,True,1374,1.0,6944,143,7087
94,1990-5,1990,5,432,432.0,True,1244,1.0,4652,102,4754
95,1990-6,1990,6,840,75.0,False,1267,1.0,4729,202,4931
96,1990-7,1990,7,89,89.0,True,1321,1.0,6598,124,6722
97,1990-9,1990,9,73,73.0,True,1183,1.0,4922,94,5016
98,1990-10,1990,10,144,144.0,True,957,1.0,3753,139,3892
99,1990-11,1990,11,23,23.0,True,1050,1.0,3437,103,3540
100,1990-13,1990,13,184,184.0,True,1751,1.0,6452,128,6580
101,1990-14,1990,14,594,78.0,False,4422,1.0,16272,197,16469
102,1990-15,1990,15,20,20.0,True,909,1.0,4699,123,4822
103,1991-1,1991,1,146,146.0,True,1388,1.0,6629,108,6737
104,1991-2,1991,2,840,840.0,True,1163,1.0,4114,235,4349
105,1991-4,1991,4,159,11.0,False,1912,1.0,6037,77,6114
106,1991-5,1991,5,128,128.0,True,1232,1.0,4245,92,4337
107,1991-8,1991,8,10,10.0,True,1607,1.0,8282,85,8367
108,1991-9,1991,9,44,44.0,True,1267,1.0,6706,91,6797
109,1991-10,1991,10,532,302.0,False,1406,1.0,4345,238,4583
110,1991-11,1991,11,135,12.0,False,1901,1.0,7444,408,7852
111,1991-12,1991,12,677,677.0,True,1781,1.0,9566,203,9769
112,1991-13,1991,13,990,990.0,True,1174,1.0,5829,117,5946
113,1991-14,1991,14,384,243.0,False,1857,1.0,6967,104,7071
114,1992-1,1992,1,400,400.0,True,1903,1.0,9751,71,9822
115,1992-2,1992,2,502,502.0,True,866,1.0,3122,82,3204
116,1992-3,1992,3,164,659.0,False,1062,1.0,3837,135,3972
117,1992-4,1992,4,62,62.0,True,1202,1.0,6337,527,6864
118,1992-5,1992,5,660,876.0,False,2155,1.0,7890,151,8041
119,1992-6,1992,6,156,729.0,False,849,1.0,3345,91,3436
120,1992-7,1992,7,320,320.0,True,1453,1.0,5937,139,6076
121,1992-8,1992,8,819,1617.0,False,1863,0.6,6936,171,7107
122,1992-9,1992,9,164,33.0,False,1667,0.6,7213,182,7395
123,1992-10,1992,10,572,686.0,False,3370,0.4,14680,134,14814
124,1992-11,1992,11,945,945.0,True,1137,1.0,4645,245,4890
125,1992-12,1992,12,792,462.0,False,1444,1.0,4506,227,4733
126,1992-13,1992,13,820,180.0,False,905,1.0,4037,86,4123
127,1992-14,1992,14,94,1.0,False,1458,1.0,6229,168,6397
128,1992-15,1992,15,396,3.0,False,1451,0.6,7082,103,7185
129,1993-1,1993,1,728,728.0,True,2982,1.0,12096,65,12161
130,1993-2,1993,2,580,20.0,False,1253,1.0,4937,161,5098
131,1993-4,1993,4,870,0.0,False,1856,1.0,9920,97,10017
132,1993-5,1993,5,763,457.0,False,1091,1.0,6144,123,6267
133,1993-6,1993,6,495,495.0,True,1205,1.0,4637,77,4714
134,1993-7,1993,7,5,21.0,False,3754,1.0,12066,211,12277
135,1993-8,1993,8,365,365.0,True,1252,1.0,4122,147,4269
136,1993-9,1993,9,118,1994.0,False,1648,0.6,6975,173,7148
137,1993-10,1993,10,250,1403.0,False,1682,1.0,7813,150,7963
138,1993-11,1993,11,93,85.0,False,2646,1.0,13111,151,13262
139,1993-12,1993,12,344,140.0,False,1556,1.0,7736,256,7992
140,1993-13,1993,13,163,51.0,False,1564,0.6,4822,168,4990
141,1993-14,1993,14,448,288.0,False,1344,1.0,5575,132,5707
142,1993-15,1993,15,997,2.0,False,1240,1.0,5460,168,5628
143,1994-1,1994,1,63,360.0,False,1709,1.0,8682,107,8789
144,1994-2,1994,2,312,70.0,False,2194,0.8,7759,170,7929
145,1994-8,1994,8,315,1856.0,False,1824,1.0,7782,86,7868
146,1994-9,1994,9,394,17.0,False,1622,1.0,4822,162,4984
147,1994-10,1994,10,450,1710.0,False,1376,1.0,6429,129,6558
148,1994-11,1994,11,465,1411.0,False,1117,1.0,3660,134,3794
149,1994-12,1994,12,702,78.0,False,1304,1.0,5206,141,5347
150,1994-14,1994,14,71,10.0,False,1720,1.0,6290,189,6479
151,1994-15,1994,15,597,6485.0,False,1271,1.0,5990,224,6214
152,1995-1,1995,1,255,85.0,False,1463,1.0,7213,217,7430
153,1995-2,1995,2,25,25.0,True,1318,1.0,7259,80,7339
154,1995-3,1995,3,67,2051.0,False,1186,1.0,4652,139,4791
155,1995-4,1995,4,224,288.0,False,1804,1.0,6252,103,6355
156,1995-5,1995,5,51,2.0,False,6225,1.0,23624,125,23749
157,1995-6,1995,6,589,588.0,False,1253,1.0,5191,87,5278
158,1995-8,1995,8,85,19.0,False,1725,1.0,8636,84,8720
159,1995-9,1995,9,616,113.0,False,2077,0.8,9405,147,9552
160,1995-10,1995,10,215,41.0,False,2119,1.0,8121,69,8190
161,1995-11,1995,11,40,40.0,True,2708,0.8,9436,152,9588
162,1995-12,1995,12,5,1.0,False,1736,1.0,7998,150,8148
163,1995-13,1995,13,400,776.0,False,1678,1.0,8559,82,8641
164,1995-14,1995,14,378,1875.0,False,1783,1.0,7475,158,7633
165,1995-15,1995,15,37,107.0,False,1655,1.0,6844,122,6966
166,1996-2,1996,2,340,340.0,True,1166,0.6,4176,110,4286
167,1996-3,1996,3,44,44.0,True,1150,1.0,5114,87,5201
168,1996-4,1996,4,166,166.0,True,1770,1.0,6098,127,6225
169,1996-5,1996,5,23,23.0,True,1461,1.0,6744,119,6863
170,1996-6,1996,6,49,11.0,False,1807,0.6,5721,125,5846
171,1996-7,1996,7,300,302.0,False,1529,1.0,4668,97,4765
172,1996-8,1996,8,799,840.0,False,1285,1.0,5990,99,6089
173,1996-9,1996,9,342,1024.0,False,1517,1.0,5206,150,5356
174,1996-10,1996,10,159,6081.0,False,3429,1.0,23624,100,23724
175,1996-11,1996,11,276,0.0,False,1721,1.0,9443,130,9573
176,1996-12,1996,12,58,58.0,True,1672,1.0,9105,168,9273
177,1996-13,1996,13,65,3.0,False,1838,1.0,8913,168,9081
178,1996-14,1996,14,768,768.0,True,1009,1.0,4576,108,4684
179,1996-15,1996,15,777,666.0,False,1947,1.0,8151,128,8279
180,1997-1,1997,1,750,750.0,True,995,1.0,3522,75,3597
181,1997-2,1997,2,125,125.0,True,1602,1.0,7075,110,7185
182,1997-3,1997,3,126,126.0,True,1210,1.0,5814,115,5929
183,1997-4,1997,4,17,23.0,False,2004,1.0,11281,87,11368
184,1997-5,1997,5,417,417.0,True,1802,1.0,6544,133,6677
185,1997-6,1997,6,42,15.0,False,1727,1.0,7536,122,7658
186,1997-7,1997,7,198,198.0,True,2146,1.0,10797,168,10965
187,1997-8,1997,8,90,90.0,True,1380,1.0,4368,92,4460
188,1997-9,1997,9,233,1.0,False,1557,1.0,8336,155,8491
189,1997-10,1997,10,117,1080.0,False,1473,1.0,4368,205,4573
190,1997-11,1997,11,241,241.0,True,1525,1.0,7851,101,7952
191,1997-12,1997,12,58,58.0,True,1805,1.0,9051,139,9190
192,1997-14,1997,14,582,1000.0,False,2322,0.8,12573,115,12688
193,1997-15,1997,15,554,69.0,False,3912,0.6,13404,142,13546
194,1998-1,1998,1,25,25.0,True,1390,0.6,5952,83,6035
195,1998-2,1998,2,480,171.0,False,641,0.6,2176,85,2261
196,1998-3,1998,3,800,800.0,True,2338,1.0,9489,81,9570
197,1998-4,1998,4,17,17.0,True,2267,1.0,7129,118,7247
198,1998-5,1998,5,40,40.0,True,1045,1.0,5245,97,5342
199,1998-6,1998,6,308,679.0,False,1916,1.0,8305,123,8428
200,1998-7,1998,7,196,196.0,True,866,1.0,4130,99,4229
201,1998-8,1998,8,618,618.0,True,991,1.0,3253,113,3366
202,1998-9,1998,9,87,87.0,True,1550,1.0,6706,152,6858
203,1998-10,1998,10,152,202.0,False,2665,1.0,12019,152,12171
204,1998-11,1998,11,525,150.0,False,1972,1.0,8974,164,9138
205,1998-12,1998,12,83,19.0,False,1662,1.0,5883,231,6114
206,1998-13,1998,13,368,231.0,False,1024,1.0,4875,210,5085
207,1998-14,1998,14,130,130.0,True,1648,1.0,8782,113,8895
208,1998-15,1998,15,761,80.0,False,3017,1.0,8336,164,8500
209,1999-1,1999,1,29,186.0,False,4435,1.0,23624,67,23691
210,1999-2,1999,2,118,241.0,False,1168,1.0,4998,127,5125
211,1999-3,1999,3,38,38.0,True,2080,1.0,10535,72,10607
212,1999-4,1999,4,185,16238.0,False,1226,1.0,4675,132,4807
213,1999-5,1999,5,223,223.0,True,1148,1.0,5052,135,5187
214,1999-6,1999,6,314,600.0,False,1302,0.6,6890,160,7050
215,1999-7,1999,7,650,650.0,True,1496,1.0,5068,254,5322
216,1999-8,1999,8,25,5.0,False,1759,0.8,7698,196,7894
217,1999-9,1999,9,259,1.0,False,4619,1.0,23624,147,23771
218,1999-10,1999,10,489,3423.0,False,1775,1.0,7036,124,7160
219,1999-11,1999,11,177,177.0,True,1285,1.0,6144,102,6246
220,1999-12,1999,12,345,345.0,True,1391,1.0,6490,96,6586
221,1999-13,1999,13,742,742.0,True,1698,1.0,6106,131,6237
222,1999-14,1999,14,463,463.0,True,999,1.0,4714,135,4849
223,1999-15,1999,15,408,208.0,False,1211,0.8,4283,109,4392
224,2000-I-1,2000,1,8,8.0,True,945,1.0,3099,86,3185
225,2000-I-2,2000,2,21,21.0,True,1890,1.0,9059,156,9215
226,2000-I-3,2000,3,667,668.0,False,1222,0.8,6344,95,6439
227,2000-I-4,2000,4,260,106.0,False,2113,1.0,6513,256,6769
228,2000-I-5,2000,5,26,95.0,False,2068,1.0,10305,136,10441
229,2000-I-6,2000,6,997,997.0,True,2015,0.6,10612,101,10713
230,2000-I-7,2000,7,5,5.0,True,1400,1.0,6421,137,6558
231,2000-I-8,2000,8,52,39.0,False,1755,1.0,7675,158,7833
232,2000-I-9,2000,9,25,20.0,False,1904,1.0,10666,197,10863
233,2000-I-10,2000,10,173,173.0,True,1257,1.0,6313,149,6462
234,2000-I-11,2000,11,248,12345679.0,False,1935,1.0,12973,101,13074
235,2000-I-12,2000,12,177,199.0,False,1436,1.0,6229,126,6355
236,2000-I-13,2000,13,731,246.0,False,3073,0.8,10289,143,10432
237,2000-I-14,2000,14,571,2.0,False,6032,1.0,23624,139,23763
238,2000-I-15,2000,15,927,1998.0,False,1536,1.0,5337,248,5585
239,2000-II-2,2000,2,98,98.0,True,1562,1.0,5744,84,5828
240,2000-II-3,2000,3,758,758.0,True,1830,1.0,5767,133,5900
241,2000-II-4,2000,4,180,180.0,True,1318,1.0,5837,66,5903
242,2000-II-5,2000,5,376,376.0,True,1438,1.0,5298,107,5405
243,2000-II-6,2000,6,181,156.0,False,2059,1.0,8851,149,9000
244,2000-II-8,2000,8,110,99.0,False,1847,0.8,7836,123,7959
245,2000-II-9,2000,9,0,0.0,True,1079,1.0,5521,99,5620
246,2000-II-10,2000,10,647,324.0,False,1354,1.0,6667,121,6788
247,2000-II-11,2000,11,131,2.0,False,1655,1.0,7067,157,7224
248,2000-II-12,2000,12,118,868.0,False,1550,1.0,7313,168,7481
249,2000-II-13,2000,13,200,6.0,False,1876,1.0,8744,129,8873
250,2000-II-14,2000,14,495,495.0,True,3737,1.0,12704,221,12925
251,2001-I-1,2001,1,630,630.0,True,1152,1.0,3876,63,3939
252,2001-I-2,2001,2,651,1974.0,False,1700,1.0,8574,136,8710
253,2001-I-3,2001,3,500,1000.5,False,1358,1.0,5737,93,5830
254,2001-I-4,2001,4,291,24.0,False,2099,1.0,10505,154,10659
255,2001-I-5,2001,5,937,19.0,False,1901,1.0,9313,121,9434
256,2001-I-6,2001,6,79,79.0,True,1465,1.0,5468,100,5568
257,2001-I-7,2001,7,923,451.0,False,1383,1.0,6690,154,6844
258,2001-I-8,2001,8,315,315.0,True,1095,1.0,3807,124,3931
259,2001-I-9,2001,9,61,61.0,True,1407,1.0,6483,218,6701
260,2001-I-10,2001,10,200,277.0,False,1933,0.8,9259,143,9402
261,2001-I-11,2001,11,149,19.0,False,1444,1.0,7467,254,7721
262,2001-I-12,2001,12,5,7.0,False,2130,1.0,10689,124,10813
263,2001-I-13,2001,13,174,33.0,False,3572,1.0,19294,148,19442
264,2001-I-14,2001,14,351,351.0,True,1616,1.0,7767,108,7875
265,2001-I-15,2001,15,85,85.0,True,1757,1.0,5129,141,5270
266,2001-II-1,2001,1,816,9.0,False,6947,1.0,23624,89,23713
267,2001-II-2,2001,2,298,299.0,False,1348,1.0,5483,140,5623
268,2001-II-3,2001,3,898,50.0,False,3134,0.6,23624,162,23786
269,2001-II-4,2001,4,67,67.0,True,2094,1.0,11873,139,12012
270,2001-II-5,2001,5,253,8.0,False,1133,1.0,3745,119,3864
271,2001-II-6,2001,6,251,21.0,False,1742,1.0,6667,146,6813
272,2001-II-7,2001,7,725,800.0,False,2680,0.6,14350,266,14616
273,2001-II-8,2001,8,429,2001.0,False,1404,0.6,7621,123,7744
274,2001-II-9,2001,9,929,929.0,True,2151,1.0,7313,123,7436
275,2001-II-10,2001,10,784,784.0,True,1869,1.0,9512,99,9611
276,2001-II-11,2001,11,341,341.0,True,1385,1.0,4552,138,4690
277,2001-II-12,2001,12,101,7.0,False,1263,1.0,4868,170,5038
278,2001-II-13,2001,13,69,27.0,False,1223,1.0,4683,138,4821
279,2001-II-14,2001,14,840,6300.0,False,2694,0.6,15057,171,15228
280,2001-II-15,2001,15,417,434.0,False,2256,1.0,10458,258,10716
281,2002-I-1,2002,1,59,59.0,True,2337,1.0,7505,138,7643
282,2002-I-2,2002,2,154,7.0,False,4790,1.0,23624,249,23873
283,2002-I-3,2002,3,25,29.0,False,2802,0.4,14788,126,14914
284,2002-I-4,2002,4,840,29.0,False,5372,0.6,23624,114,23738
285,2002-I-5,2002,5,183,32.0,False,1566,1.0,5521,116,5637
286,2002-I-6,2002,6,12,12.0,True,1573,1.0,7936,141,8077
287,2002-I-8,2002,8,748,273.0,False,1525,0.6,7305,123,7428
288,2002-I-9,2002,9,757,757.0,True,1438,1.0,5206,166,5372
289,2002-I-10,2002,10,148,170.0,False,2052,0.4,10704,391,11095
290,2002-I-11,2002,11,230,1526.0,False,1930,0.8,7336,187,7523
291,2002-I-12,2002,12,275,1.0,False,1908,1.0,10674,136,10810
292,2002-I-13,2002,13,63,219.0,False,1646,1.0,5860,153,6013
293,2002-I-14,2002,14,30,2002.0,False,1379,1.0,5837,143,5980
294,2002-I-15,2002,15,163,181.0,False,1079,1.0,4729,205,4934
295,2002-II-1,2002,1,9,9.0,True,943,1.0,4668,104,4772
296,2002-II-2,2002,2,294,294.0,True,799,1.0,3845,91,3936
297,2002-II-3,2002,3,111,111.0,True,1809,1.0,8259,113,8372
298,2002-II-4,2002,4,803,421.0,False,1090,1.0,4599,169,4768
299,2002-II-5,2002,5,42,1.0,False,2604,0.4,13934,89,14023
300,2002-II-6,2002,6,521,521.0,True,1652,1.0,9282,78,9360
301,2002-II-8,2002,8,49,1.0,False,6614,1.0,23624,108,23732
302,2002-II-9,2002,9,501,510.0,False,1443,1.0,5429,121,5550
303,2002-II-10,2002,10,900,720.0,False,1498,0.6,8236,159,8395
304,2002-II-11,2002,11,518,414.0,False,1586,1.0,6906,144,7050
305,2002-II-12,2002,12,660,166972718.0,False,1899,1.0,7928,188,8116
306,2002-II-13,2002,13,901,17.0,False,1213,1.0,4276,215,4491
307,2002-II-14,2002,14,98,105.0,False,2334,0.6,10366,135,10501
308,2002-II-15,2002,15,282,20.0,False,1800,1.0,8428,183,8611
309,2003-I-2,2003,2,301,301.0,True,1561,1.0,6567,154,6721
310,2003-I-3,2003,3,484,476.0,False,1716,1.0,7636,124,7760
311,2003-I-4,2003,4,12,12.0,True,1110,1.0,5552,105,5657
312,2003-I-5,2003,5,505,505.0,True,1364,1.0,5506,126,5632
313,2003-I-6,2003,6,348,152.0,False,1620,1.0,5114,101,5215
314,2003-I-7,2003,7,380,516.0,False,1473,0.8,7528,120,7648
315,2003-I-8,2003,8,129,120.0,False,1334,0.8,6806,89,6895
316,2003-I-9,2003,9,615,670.0,False,1143,1.0,5444,89,5533
317,2003-I-10,2003,10,83,83.0,True,1253,1.0,5552,113,5665
318,2003-I-11,2003,11,92,4.0,False,1784,0.6,7821,156,7977
319,2003-I-12,2003,12,777,777.0,True,1292,1.0,6690,129,6819
320,2003-I-13,2003,13,155,463.0,False,1477,1.0,6344,95,6439
321,2003-I-14,2003,14,127,7.0,False,955,1.0,3953,103,4056
322,2003-I-15,2003,15,289,9.0,False,1223,1.0,4783,196,4979
323,2003-II-1,2003,1,336,336.0,True,1094,1.0,5798,83,5881
324,2003-II-2,2003,2,120,120.0,True,3092,0.8,12688,79,12767
325,2003-II-3,2003,3,192,192.0,True,1452,1.0,7352,132,7484
326,2003-II-4,2003,4,28,28.0,True,1399,0.8,4714,110,4824
327,2003-II-5,2003,5,216,216.0,True,1584,1.0,5321,150,5471
328,2003-II-6,2003,6,112,168.0,False,830,1.0,2999,143,3142
329,2003-II-7,2003,7,400,600.0,False,1801,1.0,7605,90,7695
330,2003-II-8,2003,8,348,18156.0,False,1060,1.0,5014,84,5098
331,2003-II-9,2003,9,6,0.0,False,1242,1.0,5698,153,5851
332,2003-II-10,2003,10,156,452.0,False,1450,1.0,7375,82,7457
333,2003-II-11,2003,11,578,390.0,False,1727,1.0,8474,180,8654
334,2003-II-12,2003,12,134,27.0,False,1815,1.0,7144,109,7253
335,2003-II-13,2003,13,683,683.0,True,1827,1.0,8267,125,8392
336,2003-II-14,2003,14,51,27.0,False,1729,1.0,6390,207,6597
337,2004-I-1,2004,1,217,154.0,False,1257,1.0,6959,85,7044
338,2004-I-2,2004,2,201,201.0,True,1477,1.0,6959,109,7068
339,2004-I-3,2004,3,241,241.0,True,778,1.0,2645,118,2763
340,2004-I-4,2004,4,86,200.0,False,2326,1.0,8882,110,8992
341,2004-I-5,2004,5,849,103.0,False,1994,1.0,7175,231,7406
342,2004-I-6,2004,6,882,126.0,False,1126,1.0,4106,124,4230
343,2004-I-7,2004,7,588,6580.0,False,1340,1.0,5944,101,6045
344,2004-I-9,2004,9,35,13.0,False,1911,1.0,7713,198,7911
345,2004-I-10,2004,10,817,286.0,False,1872,1.0,6813,112,6925
346,2004-I-11,2004,11,512,8.0,False,2470,1.0,11804,177,11981
347,2004-I-12,2004,12,14,14.0,True,2266,1.0,10835,189,11024
348,2004-I-13,2004,13,482,11.0,False,1602,1.0,7613,197,7810
349,2004-I-14,2004,14,813,50.0,False,1977,1.0,7482,166,7648
350,2004-I-15,2004,15,511,2.0,False,1516,1.0,5214,219,5433
351,2004-II-1,2004,1,592,592.0,True,1955,1.0,8897,171,9068
352,2004-II-2,2004,2,441,441.0,True,1521,1.0,5867,113,5980
353,2004-II-3,2004,3,384,585.0,False,1015,0.6,4091,104,4195
354,2004-II-4,2004,4,927,999.0,False,1837,1.0,6275,64,6339
355,2004-II-5,2004,5,766,766.0,True,1791,1.0,7198,201,7399
356,2004-II-6,2004,6,408,144.0,False,1442,1.0,6344,187,6531
357,2004-II-7,2004,7,293,293.0,True,2075,1.0,9512,376,9888
358,2004-II-8,2004,8,54,6.0,False,1317,1.0,7452,73,7525
359,2004-II-9,2004,9,973,521.0,False,1772,1.0,8836,187,9023
360,2004-II-10,2004,10,913,309.0,False,1381,1.0,6260,114,6374
361,2004-II-11,2004,11,625,625.0,True,1649,1.0,6475,137,6612
362,2004-II-12,2004,12,134,15.0,False,1064,1.0,4568,183,4751
363,2004-II-13,2004,13,484,26.0,False,885,1.0,2884,133,3017
364,2004-II-14,2004,14,108,1000.0,False,1287,1.0,4314,140,4454
365,2004-II-15,2004,15,593,941.0,False,1058,1.0,3107,210,3317
366,2005-I-1,2005,1,942,942.0,True,1071,1.0,3760,110,3870
367,2005-I-2,2005,2,12,12.0,True,847,1.0,3622,119,3741
368,2005-I-3,2005,3,109,55.0,False,1405,1.0,6944,71,7015
369,2005-I-4,2005,4,294,294.0,True,1965,1.0,9705,122,9827
370,2005-I-5,2005,5,630,140.0,False,1120,1.0,3114,116,3230
371,2005-I-6,2005,6,45,45.0,True,901,1.0,4775,87,4862
372,2005-I-7,2005,7,150,42.0,False,1004,1.0,5152,110,5262
373,2005-I-8,2005,8,113,38.0,False,1621,1.0,8759,111,8870
374,2005-I-9,2005,9,74,2.0,False,1367,1.0,4268,151,4419
375,2005-I-10,2005,10,47,47.0,True,1736,1.0,10251,125,10376
376,2005-I-11,2005,11,544,48.0,False,1516,1.0,6114,85,6199
377,2005-I-12,2005,12,25,1037.0,False,1354,1.0,5560,180,5740
378,2005-I-14,2005,14,936,90.0,False,1248,1.0,5883,125,6008
379,2005-I-15,2005,15,38,103.0,False,1102,1.0,4153,110,4263
380,2005-II-1,2005,1,13,13.0,True,997,1.0,5237,107,5344
381,2005-II-2,2005,2,79,79.0,True,1245,1.0,4422,144,4566
382,2005-II-3,2005,3,802,802.0,True,1269,1.0,6521,110,6631
383,2005-II-4,2005,4,435,30.0,False,3000,1.0,23624,77,23701
384,2005-II-5,2005,5,54,54.0,True,1202,1.0,5537,101,5638
385,2005-II-6,2005,6,392,262.0,False,1280,1.0,4752,216,4968
386,2005-II-7,2005,7,125,125.0,True,995,1.0,6075,100,6175
387,2005-II-8,2005,8,405,15.0,False,952,1.0,4237,190,4427
388,2005-II-9,2005,9,250,250.0,True,1594,1.0,7221,90,7311
389,2005-II-10,2005,10,11,7.0,False,1780,1.0,7405,113,7518
390,2005-II-11,2005,11,889,889.0,True,1052,1.0,5806,139,5945
391,2005-II-12,2005,12,307,402.0,False,1522,1.0,9174,147,9321
392,2005-II-13,2005,13,418,180.0,False,2243,1.0,13381,111,13492
393,2005-II-14,2005,14,463,9.0,False,599,1.0,2622,131,2753
394,2005-II-15,2005,15,169,25.0,False,1906,1.0,8374,173,8547
395,2006-I-1,2006,1,84,84.0,True,752,1.0,3207,99,3306
396,2006-I-2,2006,2,901,901.0,True,995,1.0,4522,103,4625
397,2006-I-3,2006,3,725,725.0,True,1751,1.0,7821,73,7894
398,2006-I-4,2006,4,124,100.0,False,1520,1.0,7121,99,7220
399,2006-I-5,2006,5,936,936.0,True,1502,1.0,7813,123,7936
400,2006-I-6,2006,6,360,360.0,True,1627,1.0,6706,98,6804
401,2006-I-7,2006,7,408,1.0,False,1623,1.0,5706,360,6066
402,2006-I-8,2006,8,89,1.0,False,1697,1.0,5990,387,6377
403,2006-I-9,2006,9,46,137.0,False,1545,1.0,7459,128,7587
404,2006-I-10,2006,10,65,46.0,False,1167,1.0,4645,258,4903
405,2006-I-12,2006,12,906,150.0,False,1088,1.0,4791,105,4896
406,2006-I-13,2006,13,899,3.0,False,1619,1.0,7505,140,7645
407,2006-I-14,2006,14,183,9.0,False,1624,1.0,5798,208,6006
408,2006-I-15,2006,15,27,3.0,False,1385,1.0,6390,104,6494
409,2006-II-1,2006,1,46,46.0,True,1626,1.0,6583,118,6701
410,2006-II-2,2006,2,893,893.0,True,1106,1.0,4891,105,4996
411,2006-II-3,2006,3,49,49.0,True,1369,1.0,4845,81,4926
412,2006-II-5,2006,5,29,29.0,True,2310,0.8,11289,202,11491
413,2006-II-6,2006,6,12,12.0,True,2195,0.6,10904,171,11075
414,2006-II-7,2006,7,738,819.0,False,1597,1.0,5644,81,5725
415,2006-II-8,2006,8,336,336.0,True,1519,1.0,4483,235,4718
416,2006-II-9,2006,9,27,77.0,False,2607,0.8,12173,234,12407
417,2006-II-10,2006,10,831,191.0,False,2202,1.0,11850,172,12022
418,2006-II-11,2006,11,834,179.0,False,1252,1.0,7067,160,7227
419,2006-II-12,2006,12,865,34.0,False,1452,1.0,5214,262,5476
420,2006-II-13,2006,13,15,2.0,False,1402,1.0,5660,83,5743
421,2006-II-14,2006,14,63,6.0,False,1986,1.0,9559,93,9652
422,2006-II-15,2006,15,9,7.0,False,847,1.0,4083,201,4284
423,2007-I-1,2007,1,83,83.0,True,1226,1.0,5106,64,5170
424,2007-I-2,2007,2,52,24.0,False,2526,0.8,8774,178,8952
425,2007-I-3,2007,3,15,27.0,False,1225,1.0,5752,105,5857
426,2007-I-4,2007,4,105,420.0,False,962,1.0,3007,119,3126
427,2007-I-5,2007,5,539,539.0,True,1108,1.0,3091,130,3221
428,2007-I-6,2007,6,169,3.0,False,1114,1.0,5852,174,6026
429,2007-I-7,2007,7,477,477.0,True,1177,1.0,5306,154,5460
430,2007-I-8,2007,8,30,29.0,False,1459,1.0,6460,117,6577
431,2007-I-9,2007,9,737,5.0,False,1212,1.0,4914,218,5132
432,2007-I-10,2007,10,860,860.0,True,1442,1.0,4006,139,4145
433,2007-I-11,2007,11,955,955.0,True,837,1.0,3399,140,3539
434,2007-I-12,2007,12,875,25.0,False,2112,1.0,10197,193,10390
435,2007-I-13,2007,13,80,32.0,False,2394,1.0,11112,112,11224
436,2007-I-14,2007,14,224,3.0,False,1978,0.6,9559,139,9698
437,2007-I-15,2007,15,989,21.0,False,1532,1.0,6998,184,7182
438,2007-II-1,2007,1,372,372.0,True,1185,1.0,3745,134,3879
439,2007-II-2,2007,2,200,198.0,False,1268,1.0,6483,102,6585
440,2007-II-4,2007,4,450,300.0,False,1309,1.0,5767,157,5924
441,2007-II-5,2007,5,888,888.0,True,1210,1.0,4514,103,4617
442,2007-II-6,2007,6,640,10.0,False,1520,0.8,5252,124,5376
443,2007-II-7,2007,7,553,529.0,False,999,0.6,4906,211,5117
444,2007-II-9,2007,9,259,0.0,False,1682,1.0,9259,137,9396
445,2007-II-10,2007,10,710,710.0,True,1863,1.0,7998,192,8190
446,2007-II-11,2007,11,179,193.0,False,1197,1.0,4076,203,4279
447,2007-II-12,2007,12,91,63.0,False,1216,1.0,5814,143,5957
448,2007-II-13,2007,13,640,1024.0,False,1619,0.6,5683,279,5962
449,2007-II-14,2007,14,676,125.0,False,4048,1.0,23624,111,23735
450,2007-II-15,2007,15,389,10.0,False,1786,1.0,7159,206,7365
451,2008-I-1,2008,1,252,252.0,True,937,1.0,3791,118,3909
452,2008-I-2,2008,2,25,40.0,False,1474,1.0,5606,113,5719
453,2008-I-3,2008,3,314,314.0,True,1280,1.0,5606,165,5771
454,2008-I-4,2008,4,80,80.0,True,899,1.0,3522,86,3608
455,2008-I-5,2008,5,14,14.0,True,1590,1.0,6321,180,6501
456,2008-I-6,2008,6,17,1.0,False,1565,1.0,6190,138,6328
457,2008-I-7,2008,7,708,708.0,True,1016,1.0,3630,143,3773
458,2008-I-8,2008,8,47,47.0,True,1231,1.0,6836,108,6944
459,2008-I-9,2008,9,190,190.0,True,1832,1.0,7329,152,7481
460,2008-I-10,2008,10,32,27.0,False,1915,1.0,8651,210,8861
461,2008-I-11,2008,11,172,21.0,False,1674,1.0,7890,130,8020
462,2008-I-12,2008,12,375,2.0,False,4246,0.8,23624,201,23825
463,2008-I-13,2008,13,40,4.0,False,2410,1.0,11773,269,12042
464,2008-I-14,2008,14,432,324.0,False,2146,1.0,7690,148,7838
465,2008-II-1,2008,1,100,100.0,True,1061,1.0,4745,127,4872
466,2008-II-2,2008,2,620,375.0,False,1446,1.0,4791,128,4919
467,2008-II-3,2008,3,729,520.0,False,863,1.0,2638,132,2770
468,2008-II-4,2008,4,21,21.0,True,1084,1.0,3445,159,3604
469,2008-II-5,2008,5,504,504.0,True,1514,0.6,7467,142,7609
470,2008-II-6,2008,6,561,561.0,True,775,1.0,3199,198,3397
471,2008-II-7,2008,7,753,753.0,True,899,1.0,4606,108,4714
472,2008-II-8,2008,8,251,251.0,True,982,1.0,4130,119,4249
473,2008-II-9,2008,9,19,1500.0,False,1659,1.0,6698,133,6831
474,2008-II-11,2008,11,254,80.0,False,1972,1.0,8428,196,8624
475,2008-II-12,2008,12,310,310.0,True,1787,1.0,5175,131,5306
476,2008-II-13,2008,13,29,27.0,False,1593,1.0,5875,149,6024
477,2008-II-14,2008,14,7,7.0,True,2324,0.6,13388,179,13567
478,2009-I-1,2009,1,840,840.0,True,1071,1.0,2999,85,3084
479,2009-I-2,2009,2,697,697.0,True,765,0.8,4006,88,4094
480,2009-I-3,2009,3,11,11.0,True,1392,1.0,6952,137,7089
481,2009-I-4,2009,4,177,177.0,True,1188,1.0,5360,148,5508
482,2009-I-5,2009,5,72,72.0,True,2250,1.0,10966,178,11144
483,2009-I-6,2009,6,412,412.0,True,1525,1.0,7267,85,7352
484,2009-I-7,2009,7,41,5.0,False,1932,1.0,10074,127,10201
485,2009-I-8,2009,8,398,398.0,True,930,1.0,3814,112,3926
486,2009-I-9,2009,9,420,420.0,True,1287,1.0,3891,168,4059
487,2009-I-10,2009,10,346,1.0,False,3334,0.4,9874,189,10063
488,2009-I-11,2009,11,600,600.0,True,1235,1.0,4622,110,4732
489,2009-I-12,2009,12,11,12.0,False,4157,0.8,23624,191,23815
490,2009-I-13,2009,13,90,90.0,True,1373,1.0,4937,113,5050
491,2009-I-14,2009,14,905,3800.0,False,1545,1.0,8851,134,8985
492,2009-I-15,2009,15,150,115.0,False,3879,1.0,14296,205,14501
493,2009-II-1,2009,1,114,114.0,True,1262,1.0,4775,149,4924
494,2009-II-2,2009,2,469,489.0,False,1814,1.0,10505,156,10661
495,2009-II-3,2009,3,141,141.0,True,1015,1.0,4945,95,5040
496,2009-II-4,2009,4,89,89.0,True,1417,1.0,5283,115,5398
497,2009-II-5,2009,5,32,32.0,True,2292,1.0,9213,329,9542
498,2009-II-6,2009,6,750,750.0,True,1253,1.0,3645,97,3742
499,2009-II-7,2009,7,401,200.0,False,1834,1.0,9159,158,9317
500,2009-II-8,2009,8,41,113.0,False,2439,1.0,12542,129,12671
501,2009-II-9,2009,9,0,0.0,True,1736,0.6,7282,121,7403
502,2009-II-10,2009,10,96,320.0,False,1663,0.6,7021,270,7291
503,2009-II-11,2009,11,125,66.0,False,2109,1.0,10051,106,10157
504,2009-II-12,2009,12,803,502.0,False,1183,1.0,4022,127,4149
505,2009-II-13,2009,13,672,49.0,False,1907,0.8,9966,144,10110
506,2009-II-14,2009,14,983,983.0,True,504,1.0,1992,117,2109
507,2009-II-15,2009,15,14,371.0,False,2187,1.0,11081,215,11296
508,2010-I-1,2010,1,107,107.0,True,1934,1.0,8190,129,8319
509,2010-I-2,2010,2,109,1039.0,False,2256,1.0,10035,97,10132
510,2010-I-3,2010,3,529,529.0,True,1270,1.0,6090,107,6197
511,2010-I-4,2010,4,515,515.0,True,1672,1.0,5221,121,5342
512,2010-I-5,2010,5,501,502.0,False,1351,1.0,7113,121,7234
513,2010-I-6,2010,6,406,406.0,True,1899,1.0,10904,116,11020
514,2010-I-7,2010,7,760,760.0,True,2057,1.0,6698,212,6910
515,2010-I-8,2010,8,132,26.0,False,1486,1.0,6360,198,6558
516,2010-I-9,2010,9,158,158.0,True,1529,1.0,9251,140,9391
517,2010-I-10,2010,10,202,202.0,True,1670,1.0,6229,178,6407
518,2010-I-11,2010,11,365,10.0,False,1943,1.0,8628,185,8813
519,2010-I-12,2010,12,243,243.0,True,1599,1.0,4437,163,4600
520,2010-I-13,2010,13,69,63.0,False,2239,1.0,10066,221,10287
521,2010-I-14,2010,14,109,109.0,True,863,1.0,3437,127,3564
522,2010-I-15,2010,15,45,15.0,False,1189,1.0,5883,145,6028
523,2010-II-1,2010,1,640,640.0,True,1427,1.0,4622,89,4711
524,2010-II-2,2010,2,281,281.0,True,1675,1.0,6713,133,6846
525,2010-II-3,2010,3,150,150.0,True,1099,1.0,4053,104,4157
526,2010-II-4,2010,4,52,52.0,True,1391,1.0,7144,145,7289
527,2010-II-5,2010,5,75,81.0,False,2179,1.0,9413,141,9554
528,2010-II-6,2010,6,8,8.0,True,1253,1.0,6029,83,6112
529,2010-II-7,2010,7,136,0.0,False,1886,1.0,9297,130,9427
530,2010-II-9,2010,9,11,5.0,False,1744,1.0,7367,208,7575
531,2010-II-10,2010,10,163,24.0,False,1364,1.0,5521,74,5595
532,2010-II-12,2010,12,676,676.0,True,3227,0.8,16533,93,16626
533,2010-II-13,2010,13,263,263.0,True,2051,1.0,7405,203,7608
534,2010-II-14,2010,14,7,14.0,False,1814,0.6,8720,164,8884
535,2010-II-15,2010,15,218,4.0,False,2009,1.0,8328,213,8541
536,2011-I-1,2011,1,85,72.0,False,1676,1.0,9020,185,9205
537,2011-I-2,2011,2,36,16.0,False,1550,0.8,8190,196,8386
538,2011-I-3,2011,3,31,13.0,False,1874,1.0,7628,204,7832
539,2011-I-4,2011,4,56,56.0,True,2136,1.0,10343,160,10503
540,2011-I-5,2011,5,144,144.0,True,906,1.0,2914,124,3038
541,2011-I-6,2011,6,11,3.0,False,1815,1.0,8682,143,8825
542,2011-I-7,2011,7,16,2012.0,False,1661,0.8,7229,112,7341
543,2011-I-9,2011,9,192,72.0,False,1465,0.6,7698,96,7794
544,2011-I-10,2011,10,503,24.0,False,1821,0.8,5983,95,6078
545,2011-I-11,2011,11,7,0.0,False,1152,1.0,5360,111,5471
546,2011-I-12,2011,12,594,10.0,False,2207,1.0,6744,112,6856
547,2011-I-13,2011,13,330,50.0,False,2091,1.0,8274,147,8421
548,2011-I-14,2011,14,37,4.0,False,1663,1.0,6221,375,6596
549,2011-I-15,2011,15,98,92.0,False,1408,1.0,6744,97,6841
550,2011-II-1,2011,1,37,7.0,False,1315,0.6,4899,104,5003
551,2011-II-2,2011,2,810,810.0,True,2414,1.0,9305,95,9400
552,2011-II-3,2011,3,143,143.0,True,1494,1.0,6990,75,7065
553,2011-II-4,2011,4,51,31.0,False,1020,1.0,4060,154,4214
554,2011-II-5,2011,5,542,542.0,True,1755,0.8,8228,97,8325
555,2011-II-6,2011,6,80,80.0,True,745,1.0,2499,93,2592
556,2011-II-7,2011,7,3,3.0,True,3889,1.0,13865,181,14046
557,2011-II-8,2011,8,784,180.0,False,1853,0.8,9389,154,9543
558,2011-II-9,2011,9,559,559.0,True,1714,1.0,9328,222,9550
559,2011-II-10,2011,10,57,1000.0,False,2082,1.0,9597,150,9747
560,2011-II-11,2011,11,73,1.0,False,2351,1.0,12219,384,12603
561,2011-II-12,2011,12,97,97.0,True,2285,1.0,7352,110,7462
562,2011-II-13,2011,13,96,144.0,False,2324,1.0,9959,154,10113
563,2011-II-14,2011,14,440,0.0,False,2175,1.0,8421,145,8566
564,2011-II-15,2011,15,850,10.0,False,3385,1.0,19979,178,20157
565,2012-I-1,2012,1,40,40.0,True,901,1.0,3322,94,3416
566,2012-I-2,2012,2,195,105.0,False,2671,0.8,14580,139,14719
567,2012-I-3,2012,3,216,133497.0,False,1400,1.0,5898,118,6016
568,2012-I-4,2012,4,279,12.0,False,1753,1.0,6852,218,7070
569,2012-I-5,2012,5,330,6435.0,False,1152,1.0,3807,108,3915
570,2012-I-6,2012,6,71,71.0,True,658,1.0,3176,112,3288
571,2012-I-9,2012,9,49,3.0,False,3270,1.0,23624,142,23766
572,2012-I-10,2012,10,170,170.0,True,1401,1.0,4737,168,4905
573,2012-I-11,2012,11,373,373.0,True,1148,1.0,4145,201,4346
574,2012-I-12,2012,12,18,7.0,False,718,1.0,2938,180,3118
575,2012-I-13,2012,13,41,2334.0,False,1319,1.0,5775,149,5924
576,2012-I-14,2012,14,375,250.0,False,983,1.0,4383,130,4513
577,2012-II-1,2012,1,34,34.0,True,785,1.0,2991,78,3069
578,2012-II-2,2012,2,363,363.0,True,661,1.0,3491,124,3615
579,2012-II-3,2012,3,88,64.0,False,1060,1.0,2738,117,2855
580,2012-II-4,2012,4,61,105.0,False,1924,1.0,8659,249,8908
581,2012-II-6,2012,6,125,625.0,False,1027,1.0,5260,111,5371
582,2012-II-7,2012,7,32,32.0,True,1127,1.0,3368,97,3465
583,2012-II-8,2012,8,40,100.0,False,1735,1.0,7544,107,7651
584,2012-II-9,2012,9,107,10.0,False,1523,1.0,8136,147,8283
585,2012-II-10,2012,10,496,496.0,True,1128,1.0,5175,106,5281
586,2012-II-11,2012,11,8,4.0,False,1526,0.8,7429,145,7574
587,2012-II-12,2012,12,958,958.0,True,1248,1.0,4937,183,5120
588,2012-II-13,2012,13,677,677.0,True,1531,1.0,5791,140,5931
589,2012-II-14,2012,14,16,272.0,False,1874,1.0,7236,124,7360
590,2012-II-15,2012,15,919,109.0,False,2110,1.0,8167,170,8337
591,2013-I-1,2013,1,150,90.0,False,1717,1.0,7336,121,7457
592,2013-I-3,2013,3,18,3.0,False,2166,1.0,10866,161,11027
593,2013-I-4,2013,4,429,10.0,False,1970,0.6,6106,337,6443
594,2013-I-5,2013,5,98,8.0,False,2421,1.0,12373,116,12489
595,2013-I-6,2013,6,47,47.0,True,1655,1.0,5145,145,5290
596,2013-I-7,2013,7,41,41.0,True,1947,1.0,9282,125,9407
597,2013-I-8,2013,8,371,15.0,False,2026,0.6,10282,119,10401
598,2013-I-9,2013,9,113,47.0,False,1737,0.6,6406,417,6823
599,2013-I-10,2013,10,80,100.0,False,2817,1.0,15003,154,15157
600,2013-I-11,2013,11,148,21.0,False,2798,0.6,14634,194,14828
601,2013-I-12,2013,12,21,11.0,False,1485,1.0,5391,215,5606
602,2013-I-13,2013,13,961,45.0,False,2263,0.8,9274,228,9502
603,2013-I-14,2013,14,36,64.0,False,1957,0.8,9343,276,9619
604,2013-I-15,2013,15,272,0.0,False,1780,1.0,7267,162,7429
605,2013-II-1,2013,1,275,106.0,False,1244,0.6,4760,236,4996
606,2013-II-2,2013,2,881,881.0,True,1631,1.0,8928,98,9026
607,2013-II-3,2013,3,350,350.0,True,1349,1.0,5229,178,5407
608,2013-II-4,2013,4,40,22.0,False,1911,1.0,9136,173,9309
609,2013-II-5,2013,5,20,20.0,True,1735,1.0,8259,132,8391
610,2013-II-6,2013,6,282,1.0,False,2922,1.0,15042,81,15123
611,2013-II-7,2013,7,945,225.0,False,1921,1.0,8413,163,8576
612,2013-II-8,2013,8,272,278.0,False,2336,1.0,10920,123,11043
613,2013-II-9,2013,9,106,106.0,True,1485,0.6,4460,234,4694
614,2013-II-10,2013,10,146,70.0,False,1826,1.0,7367,199,7566
615,2013-II-11,2013,11,399,448.0,False,1430,1.0,4729,121,4850
616,2013-II-12,2013,12,540,64.0,False,1193,1.0,4053,124,4177
617,2013-II-13,2013,13,10,64.0,False,1963,1.0,10197,158,10355
618,2013-II-14,2013,14,512,512.0,True,1095,1.0,4429,141,4570
619,2013-II-15,2013,15,222,7.0,False,1406,1.0,7090,227,7317
620,2014-I-1,2014,1,790,773.0,False,1218,1.0,4483,450,4933
621,2014-I-2,2014,2,144,144.0,True,1419,1.0,6260,107,6367
622,2014-I-3,2014,3,200,200.0,True,1066,1.0,3637,89,3726
623,2014-I-4,2014,4,49,12.0,False,2191,0.8,9389,177,9566
624,2014-I-5,2014,5,134,144.0,False,852,0.8,2753,144,2897
625,2014-I-6,2014,6,36,36.0,True,1646,1.0,8528,105,8633
626,2014-I-7,2014,7,100,122.0,False,1609,1.0,7113,180,7293
627,2014-I-8,2014,8,937,937.0,True,931,1.0,3545,92,3637
628,2014-I-9,2014,9,2,2.0,True,1712,1.0,9366,104,9470
629,2014-I-10,2014,10,58,2.0,False,1782,1.0,5760,224,5984
630,2014-I-11,2014,11,391,517.0,False,1842,1.0,6590,149,6739
631,2014-I-12,2014,12,453,47.0,False,2381,0.8,10020,127,10147
632,2014-I-13,2014,13,850,850.0,True,3396,1.0,14242,511,14753
633,2014-I-14,2014,14,263,13.0,False,2247,1.0,9612,151,9763
634,2014-I-15,2014,15,41,24.0,False,1425,1.0,5414,185,5599
635,2014-II-1,2014,1,334,260.0,False,1489,1.0,6475,143,6618
636,2014-II-2,2014,2,76,76.0,True,1707,1.0,9313,211,9524
637,2014-II-3,2014,3,720,12.0,False,5676,1.0,23624,505,24129
638,2014-II-4,2014,4,447,123.0,False,1224,1.0,5460,126,5586
639,2014-II-5,2014,5,420,240.0,False,1456,1.0,7013,109,7122
640,2014-II-6,2014,6,167,263.0,False,1975,1.0,7575,157,7732
641,2014-II-7,2014,7,21,2.0,False,1625,1.0,7767,99,7866
642,2014-II-8,2014,8,254,2.0,False,10672,1.0,23624,154,23778
643,2014-II-9,2014,9,581,520.0,False,2205,1.0,7636,70,7706
644,2014-II-10,2014,10,147,49.0,False,1479,1.0,6906,151,7057
645,2014-II-11,2014,11,56,9.0,False,1594,1.0,7075,191,7266
646,2014-II-12,2014,12,399,399.0,True,791,1.0,3337,122,3459
647,2014-II-13,2014,13,28,1109.0,False,1864,1.0,6506,141,6647
648,2014-II-14,2014,14,77,100.0,False,2524,0.8,13304,194,13498
649,2014-II-15,2014,15,149,6.0,False,2051,1.0,10597,176,10773
650,2015-I-1,2015,1,722,722.0,True,944,1.0,3837,156,3993
651,2015-I-2,2015,2,139,139.0,True,1627,1.0,5998,137,6135
652,2015-I-3,2015,3,307,307.0,True,2997,1.0,16741,74,16815
653,2015-I-4,2015,4,507,507.0,True,1830,1.0,8720,149,8869
654,2015-I-5,2015,5,341,341.0,True,1910,1.0,5937,152,6089
655,2015-I-6,2015,6,58,30.0,False,1212,1.0,4568,361,4929
656,2015-I-7,2015,7,539,99.0,False,1149,1.0,4783,471,5254
657,2015-I-8,2015,8,695,695.0,True,526,1.0,1922,90,2012
658,2015-I-9,2015,9,494,190.0,False,1298,1.0,5421,152,5573
659,2015-I-10,2015,10,72,72.0,True,1432,1.0,6959,106,7065
660,2015-I-11,2015,11,108,32.0,False,2827,1.0,11343,97,11440
661,2015-I-12,2015,12,431,3017.0,False,1670,1.0,7798,124,7922
662,2015-I-13,2015,13,91,2.0,False,2216,1.0,11097,99,11196
663,2015-I-14,2015,14,483,500.0,False,1659,1.0,7359,159,7518
664,2015-I-15,2015,15,53,54.0,False,1125,1.0,4460,1263,5723
665,2015-II-1,2015,1,131,131.0,True,1150,1.0,4491,91,4582
666,2015-II-2,2015,2,25,25.0,True,1079,1.0,5075,164,5239
667,2015-II-3,2015,3,476,170.0,False,2422,1.0,9336,72,9408
668,2015-II-4,2015,4,18,18.0,True,1637,1.0,8044,129,8173
669,2015-II-5,2015,5,90,90.0,True,3007,1.0,9835,100,9935
670,2015-II-6,2015,6,440,216.0,False,2291,1.0,12327,196,12523
671,2015-II-7,2015,7,161,161.0,True,1383,1.0,6114,198,6312
672,2015-II-8,2015,8,36,65.0,False,2545,1.0,15311,124,15435
673,2015-II-9,2015,9,384,262144.0,False,780,1.0,2645,528,3173
674,2015-II-10,2015,10,486,486.0,True,885,1.0,2845,183,3028
675,2015-II-11,2015,11,23,3.0,False,1383,0.8,4714,142,4856
676,2015-II-12,2015,12,548,548.0,True,1607,0.8,7875,97,7972
677,2015-II-13,2015,13,628,628.0,True,920,1.0,2930,111,3041
678,2015-II-14,2015,14,89,270.0,False,1605,0.6,10866,108,10974
679,2015-II-15,2015,15,129,25.0,False,2103,0.6,8674,444,9118
680,2016-I-1,2016,1,336,336.0,True,983,1.0,5329,124,5453
681,2016-I-2,2016,2,71,71.0,True,1335,1.0,6490,125,6615
682,2016-I-3,2016,3,810,5.0,False,1296,1.0,4322,397,4719
683,2016-I-4,2016,4,108,144.0,False,1316,1.0,4091,140,4231
684,2016-I-5,2016,5,53,47.0,False,2457,1.0,9120,160,9280
685,2016-I-6,2016,6,13,11.0,False,1711,1.0,5729,157,5886
686,2016-I-7,2016,7,103,89.0,False,1120,1.0,5037,117,5154
687,2016-I-8,2016,8,162,162.0,True,1478,1.0,5145,183,5328
688,2016-I-9,2016,9,744,1240.0,False,1296,1.0,6144,115,6259
689,2016-I-10,2016,10,504,3.0,False,1883,1.0,8751,161,8912
690,2016-I-11,2016,11,109,29.0,False,1835,1.0,9105,129,9234
691,2016-I-12,2016,12,132,4.0,False,4140,1.0,23624,76,23700
692,2016-I-13,2016,13,273,144.0,False,1724,1.0,7898,204,8102
693,2016-I-14,2016,14,574,2574.0,False,1119,1.0,4345,127,4472
694,2016-I-15,2016,15,270,270.0,True,1959,1.0,7421,201,7622
695,2016-II-1,2016,1,108,6.0,False,1377,0.8,7021,135,7156
696,2016-II-2,2016,2,107,107.0,True,1513,1.0,7136,132,7268
697,2016-II-3,2016,3,265,273.0,False,1337,1.0,7190,144,7334
698,2016-II-4,2016,4,180,4500.0,False,1776,1.0,6952,189,7141
699,2016-II-5,2016,5,182,12.0,False,2029,1.0,8274,179,8453
700,2016-II-6,2016,6,275,275.0,True,1152,1.0,4906,156,5062
701,2016-II-7,2016,7,840,912.0,False,2000,1.0,7998,161,8159
702,2016-II-8,2016,8,728,728.0,True,1444,1.0,5883,101,5984
703,2016-II-9,2016,9,262,262.0,True,1632,1.0,8105,130,8235
704,2016-II-10,2016,10,43,3.0,False,1381,0.8,5760,161,5921
705,2016-II-11,2016,11,749,750.0,False,5935,1.0,23201,116,23317
706,2016-II-12,2016,12,732,732.0,True,491,1.0,1799,241,2040
707,2016-II-13,2016,13,371,3.0,False,1613,0.6,5606,164,5770
708,2016-II-14,2016,14,450,400.0,False,1726,1.0,7444,166,7610
709,2016-II-15,2016,15,863,3.0,False,1333,0.8,7082,232,7314
710,2017-I-1,2017,1,390,390.0,True,1456,1.0,5583,131,5714
711,2017-I-2,2017,2,62,62.0,True,1919,1.0,9043,135,9178
712,2017-I-3,2017,3,69,70.0,False,1960,0.6,10366,103,10469
713,2017-I-4,2017,4,803,771.0,False,1712,0.6,7552,137,7689
714,2017-I-5,2017,5,321,727.0,False,2273,1.0,11189,127,11316
715,2017-I-6,2017,6,48,12.0,False,2360,1.0,9705,118,9823
716,2017-I-7,2017,7,564,564.0,True,872,1.0,4199,153,4352
717,2017-I-8,2017,8,41,5.0,False,1601,1.0,6313,193,6506
718,2017-I-9,2017,9,45,22.0,False,2157,1.0,15211,110,15321
719,2017-I-10,2017,10,56,57.0,False,1599,1.0,9674,167,9841
720,2017-I-11,2017,11,360,360.0,True,1386,1.0,4199,177,4376
721,2017-I-12,2017,12,252,252.0,True,895,1.0,3038,168,3206
722,2017-I-13,2017,13,59,0.0,False,1320,0.8,5491,135,5626
723,2017-I-14,2017,14,896,1.0,False,1624,1.0,6890,119,7009
724,2017-I-15,2017,15,145,22.0,False,1752,0.8,7375,262,7637
725,2017-II-1,2017,1,196,196.0,True,1353,1.0,7229,113,7342
726,2017-II-2,2017,2,781,57.0,False,2197,1.0,9874,195,10069
727,2017-II-3,2017,3,409,11.0,False,2366,1.0,11074,132,11206
728,2017-II-4,2017,4,222,222.0,True,1087,1.0,3184,73,3257
729,2017-II-5,2017,5,791,28.0,False,5220,0.4,23624,108,23732
730,2017-II-6,2017,6,195,168.0,False,2365,1.0,12489,74,12563
731,2017-II-7,2017,7,501,1.0,False,1349,1.0,5391,88,5479
732,2017-II-8,2017,8,134,2.0,False,1210,1.0,4960,113,5073
733,2017-II-9,2017,9,13,8.0,False,1885,1.0,5283,176,5459
734,2017-II-10,2017,10,546,462.0,False,1546,1.0,7659,162,7821
735,2017-II-11,2017,11,544,768.0,False,998,1.0,3414,108,3522
736,2017-II-12,2017,12,110,132.0,False,1665,1.0,8397,470,8867
737,2017-II-13,2017,13,245,156.0,False,1757,1.0,7798,119,7917
738,2017-II-14,2017,14,168,180.0,False,2210,0.8,7444,114,7558
739,2017-II-15,2017,15,682,686.0,False,1245,1.0,4975,151,5126
740,2018-I-1,2018,1,600,600.0,True,1224,1.0,4414,128,4542
741,2018-I-2,2018,2,925,925.0,True,1752,1.0,9835,165,10000
742,2018-I-3,2018,3,157,73.0,False,1463,1.0,5006,169,5175
743,2018-I-4,2018,4,289,13.0,False,1441,1.0,7352,153,7505
744,2018-I-5,2018,5,189,189.0,True,1385,0.6,6129,129,6258
745,2018-I-6,2018,6,440,440.0,True,2811,1.0,9282,98,9380
746,2018-I-7,2018,7,52,24.0,False,3639,1.0,10435,99,10534
747,2018-I-8,2018,8,147,256.0,False,4164,0.8,15772,103,15875
748,2018-I-9,2018,9,210,7.0,False,1784,1.0,8059,135,8194
749,2018-I-10,2018,10,4,680.0,False,1963,1.0,8236,565,8801
750,2018-I-11,2018,11,195,780.0,False,2154,0.8,11889,85,11974
751,2018-I-12,2018,12,683,683.0,True,1801,1.0,8690,152,8842
752,2018-I-13,2018,13,126,126.0,True,1885,1.0,8413,144,8557
753,2018-I-14,2018,14,351,0.0,False,2468,1.0,13019,137,13156
754,2018-I-15,2018,15,59,1.0,False,7733,0.8,23624,220,23844
755,2018-II-1,2018,1,800,800.0,True,1656,0.6,6913,190,7103
756,2018-II-2,2018,2,112,11.0,False,3211,1.0,23624,149,23773
757,2018-II-3,2018,3,371,10.0,False,1832,1.0,8520,95,8615
758,2018-II-4,2018,4,23,4.0,False,1388,1.0,5214,160,5374
759,2018-II-5,2018,5,74,100.0,False,1436,1.0,8359,143,8502
760,2018-II-6,2018,6,37,20.0,False,1992,0.8,8474,143,8617
761,2018-II-7,2018,7,20,0.0,False,1682,1.0,8136,346,8482
762,2018-II-8,2018,8,556,42.0,False,966,1.0,4399,136,4535
763,2018-II-9,2018,9,184,184.0,True,2087,1.0,10704,561,11265
764,2018-II-10,2018,10,756,99.0,False,1537,1.0,5198,123,5321
765,2018-II-11,2018,11,461,240.0,False,1976,1.0,8321,110,8431
766,2018-II-12,2018,12,112,112.0,True,2170,1.0,8221,144,8365
767,2018-II-13,2018,13,647,2.0,False,1518,1.0,7298,110,7408
768,2018-II-14,2018,14,227,29.0,False,1298,0.4,5052,186,5238
769,2018-II-15,2018,15,185,24.0,False,1826,1.0,9382,162,9544
770,2019-I-1,2019,1,342,342.0,True,673,1.0,2245,104,2349
771,2019-I-2,2019,2,29,28.0,False,1388,1.0,5837,158,5995
772,2019-I-3,2019,3,120,132.0,False,1104,1.0,4837,149,4986
773,2019-I-4,2019,4,122,121.0,False,1219,1.0,4176,195,4371
774,2019-I-5,2019,5,252,5.0,False,1505,1.0,7521,183,7704
775,2019-I-6,2019,6,90,57.0,False,1225,1.0,4606,141,4747
776,2019-I-7,2019,7,880,880.0,True,1427,1.0,7121,173,7294
777,2019-I-8,2019,8,67,67.0,True,1932,1.0,12581,120,12701
778,2019-I-9,2019,9,540,130.0,False,2566,0.8,13757,94,13851
779,2019-I-10,2019,10,352,28.0,False,1093,1.0,4745,212,4957
780,2019-I-11,2019,11,20,16.0,False,1742,1.0,6067,162,6229
781,2019-I-12,2019,12,230,34.0,False,1491,1.0,7951,140,8091
782,2019-I-13,2019,13,32,38.0,False,1928,1.0,8336,205,8541
783,2019-I-14,2019,14,97,97.0,True,762,1.0,2507,63,2570
784,2019-I-15,2019,15,65,125.0,False,1861,1.0,7552,215,7767
785,2019-II-1,2019,1,59,22.0,False,2136,1.0,10974,136,11110
786,2019-II-2,2019,2,107,107.0,True,1436,1.0,7198,155,7353
787,2019-II-3,2019,3,96,60.0,False,1172,1.0,4514,97,4611
788,2019-II-4,2019,4,187,1111.0,False,1781,1.0,6129,97,6226
789,2019-II-5,2019,5,520,520.0,True,1579,1.0,4937,138,5075
790,2019-II-6,2019,6,216,216.0,True,1724,1.0,8490,130,8620
791,2019-II-7,2019,7,715,1.0,False,8189,1.0,23624,178,23802
792,2019-II-8,2019,8,53,53.0,True,1609,1.0,8859,132,8991
793,2019-II-9,2019,9,472,472.0,True,1075,1.0,4245,127,4372
794,2019-II-10,2019,10,547,307.0,False,1794,1.0,6906,136,7042
795,2019-II-11,2019,11,11,21.0,False,1402,0.6,5052,162,5214
796,2019-II-12,2019,12,47,10.0,False,1783,1.0,7098,127,7225
797,2019-II-13,2019,13,504,144.0,False,1564,1.0,6267,258,6525
798,2019-II-14,2019,14,71,17.0,False,1879,0.6,6275,90,6365
799,2019-II-15,2019,15,574,105.0,False,1719,0.8,6313,187,6500
800,2020-I-1,2020,1,547,55.0,False,1280,1.0,5214,143,5357
801,2020-I-2,2020,2,17,17.0,True,974,1.0,4752,125,4877
802,2020-I-3,2020,3,621,621.0,True,1871,1.0,9582,157,9739
803,2020-I-4,2020,4,93,88.0,False,1612,1.0,9712,170,9882
804,2020-I-5,2020,5,52,12.0,False,811,1.0,2345,90,2435
805,2020-I-6,2020,6,173,13.0,False,1865,1.0,8913,135,9048
806,2020-I-7,2020,7,81,81.0,True,1801,1.0,9036,132,9168
807,2020-I-8,2020,8,103,701.0,False,2631,0.6,12696,153,12849
808,2020-I-9,2020,9,77,1463.0,False,1187,1.0,5852,151,6003
809,2020-I-10,2020,10,407,3.0,False,1244,1.0,5529,113,5642
810,2020-I-11,2020,11,510,250.0,False,2644,1.0,14273,123,14396
811,2020-I-12,2020,12,270,1920.0,False,1811,1.0,9359,92,9451
812,2020-I-13,2020,13,36,157.0,False,2357,0.4,8751,184,8935
813,2020-I-14,2020,14,85,7921.0,False,1671,1.0,8151,103,8254
814,2020-I-15,2020,15,58,9.0,False,1433,1.0,5414,166,5580
815,2020-II-1,2020,1,231,231.0,True,1099,1.0,5198,74,5272
816,2020-II-2,2020,2,171,27.0,False,1820,1.0,8959,154,9113
817,2020-II-3,2020,3,103,103.0,True,867,1.0,4391,111,4502
818,2020-II-4,2020,4,108,108.0,True,2416,1.0,11289,157,11446
819,2020-II-5,2020,5,151,151.0,True,1108,1.0,3891,214,4105
820,2020-II-6,2020,6,626,626.0,True,876,1.0,3422,144,3566
821,2020-II-7,2020,7,298,169.0,False,1688,1.0,5045,138,5183
822,2020-II-8,2020,8,101,1001.0,False,1579,0.6,7359,112,7471
823,2020-II-9,2020,9,90,144.0,False,1006,1.0,2668,141,2809
824,2020-II-10,2020,10,239,566.0,False,1415,1.0,7821,92,7913
825,2020-II-11,2020,11,71,89.0,False,2947,1.0,16187,182,16369
826,2020-II-12,2020,12,248,2000.0,False,5220,0.6,23624,206,23830
827,2020-II-13,2020,13,60,45.5,False,1948,1.0,9059,104,9163
828,2020-II-14,2020,14,10,100.0,False,1447,0.6,6137,192,6329
829,2020-II-15,2020,15,717,571.5,False,1104,1.0,4437,151,4588
830,2021-I-1,2021,1,97,683.0,False,1852,1.0,6114,154,6268
831,2021-I-2,2021,2,109,109.0,True,1334,1.0,6536,319,6855
832,2021-I-3,2021,3,50,47.0,False,2556,1.0,13334,72,13406
833,2021-I-4,2021,4,331,2080.0,False,1351,1.0,5329,89,5418
834,2021-I-5,2021,5,31,9.0,False,3043,0.6,15042,91,15133
835,2021-I-6,2021,6,192,120.0,False,1440,1.0,8482,138,8620
836,2021-I-7,2021,7,63,108.0,False,1945,1.0,9643,90,9733
837,2021-I-8,2021,8,57,57.0,True,1107,1.0,4799,83,4882
838,2021-I-9,2021,9,567,270.0,False,2409,1.0,9874,122,9996
839,2021-I-10,2021,10,59,59.0,True,1627,1.0,6383,177,6560
840,2021-I-11,2021,11,301,24.0,False,866,1.0,3268,176,3444
841,2021-I-12,2021,12,19,29.0,False,1974,1.0,6906,183,7089
842,2021-I-13,2021,13,672,1621.0,False,1745,0.6,7613,164,7777
843,2021-I-14,2021,14,125,35.0,False,1593,1.0,7236,117,7353
844,2021-I-15,2021,15,285,100.0,False,3514,0.6,13757,128,13885
845,2021-II-1,2021,1,550,550.0,True,880,1.0,3061,88,3149
846,2021-II-2,2021,2,336,336.0,True,4346,1.0,15588,417,16005
847,2021-II-3,2021,3,80,80.0,True,1135,1.0,4183,148,4331
848,2021-II-4,2021,4,330,110.0,False,2257,0.6,11635,139,11774
849,2021-II-5,2021,5,736,800.0,False,1912,0.8,7452,128,7580
850,2021-II-6,2021,6,454,32.0,False,4169,1.0,23624,130,23754
851,2021-II-7,2021,7,145,50.0,False,1502,1.0,6867,159,7026
852,2021-II-8,2021,8,49,1141.0,False,2705,1.0,13950,194,14144
853,2021-II-9,2021,9,295,225.0,False,1463,1.0,6552,108,6660
854,2021-II-10,2021,10,335,1.0,False,6837,0.4,23624,167,23791
855,2021-II-11,2021,11,258,75.0,False,4215,1.0,23624,192,23816
856,2021-II-12,2021,12,47,13.0,False,1911,0.6,9336,133,9469
857,2021-II-13,2021,13,797,797.0,True,507,1.0,1861,74,1935
858,2021-II-14,2021,14,592,3107.0,False,1805,1.0,7682,189,7871
859,2021-II-15,2021,15,258,24.0,False,3726,1.0,23624,191,23815
860,2022-I-1,2022,1,116,116.0,True,1186,1.0,6606,106,6712
861,2022-I-2,2022,2,227,888.0,False,3843,1.0,20094,110,20204
862,2022-I-3,2022,3,242,324.0,False,1282,1.0,4514,136,4650
863,2022-I-4,2022,4,834,201.0,False,2513,1.0,11781,123,11904
864,2022-I-5,2022,5,550,2.0,False,4747,1.0,23624,168,23792
865,2022-I-6,2022,6,228,276.0,False,2129,1.0,7821,96,7917
866,2022-I-7,2022,7,289,43.0,False,2108,1.0,9389,129,9518
867,2022-I-8,2022,8,378,36.0,False,2160,1.0,7175,223,7398
868,2022-I-9,2022,9,247,1301.0,False,1713,0.6,5060,203,5263
869,2022-I-10,2022,10,756,1040.0,False,1528,0.6,6221,121,6342
870,2022-I-11,2022,11,150,123.0,False,1811,1.0,7482,364,7846
871,2022-I-12,2022,12,245,85.0,False,1187,1.0,6298,292,6590
872,2022-I-13,2022,13,392,398.0,False,2063,1.0,9436,203,9639
873,2022-I-14,2022,14,459,507.0,False,3975,1.0,12873,190,13063
874,2022-I-15,2022,15,33,349.0,False,1819,1.0,9851,183,10034
875,2022-II-1,2022,1,154,154.0,True,1940,1.0,9136,110,9246
876,2022-II-2,2022,2,125,13.0,False,1221,1.0,3922,183,4105
877,2022-II-3,2022,3,21,19.0,False,2591,0.8,9736,98,9834
878,2022-II-4,2022,4,112,21.0,False,2110,1.0,10835,151,10986
879,2022-II-5,2022,5,72,580.0,False,1667,1.0,5791,99,5890
880,2022-II-6,2022,6,841,697.0,False,1496,1.0,7805,179,7984
881,2022-II-7,2022,7,192,360.0,False,1490,1.0,4814,81,4895
882,2022-II-8,2022,8,81,144.0,False,1495,1.0,5029,139,5168
883,2022-II-9,2022,9,244,25.0,False,1275,1.0,4737,574,5311
884,2022-II-10,2022,10,4,4.0,True,648,1.0,2461,106,2567
885,2022-II-11,2022,11,180,84.0,False,1586,0.6,4914,110,5024
886,2022-II-12,2022,12,23,521.0,False,1300,1.0,4660,136,4796
887,2022-II-13,2022,13,220,0.0,False,1342,1.0,5260,130,5390
888,2022-II-14,2022,14,188,311.0,False,4638,1.0,14619,177,14796
889,2022-II-15,2022,15,140,192.0,False,1546,1.0,6221,488,6709
890,2023-I-1,2023,1,191,145.0,False,1360,1.0,4991,97,5088
891,2023-I-2,2023,2,881,881.0,True,989,1.0,4606,132,4738
892,2023-I-3,2023,3,607,607.0,True,1113,1.0,3522,134,3656
893,2023-I-4,2023,4,12,1.0,False,1466,1.0,6759,116,6875
894,2023-I-5,2023,5,106,84.0,False,1513,0.6,5652,91,5743
895,2023-I-6,2023,6,51,4.0,False,1511,1.0,5860,122,5982
896,2023-I-7,2023,7,49,49.0,True,997,1.0,3484,99,3583
897,2023-I-8,2023,8,125,80.0,False,1075,1.0,4199,115,4314
898,2023-I-9,2023,9,738,7619.0,False,1543,0.8,6944,127,7071
899,2023-I-10,2023,10,944,13.0,False,1941,0.6,8774,148,8922
900,2023-I-11,2023,11,235,495.0,False,1481,1.0,6175,114,6289
901,2023-I-12,2023,12,75,1.0,False,1625,1.0,5591,153,5744
902,2023-I-13,2023,13,125,52.0,False,1949,1.0,7782,253,8035
903,2023-I-14,2023,14,608,0.0,False,2374,0.8,6406,381,6787
904,2023-II-1,2023,1,220,220.0,True,1412,1.0,6406,113,6519
905,2023-II-2,2023,2,585,8.0,False,3935,1.0,20409,104,20513
906,2023-II-3,2023,3,250,100.0,False,1440,0.8,6044,108,6152
907,2023-II-4,2023,4,273,273.0,True,1688,1.0,9136,126,9262
908,2023-II-5,2023,5,719,28.0,False,1929,1.0,8482,146,8628
909,2023-II-6,2023,6,35,5.0,False,1551,1.0,5175,189,5364
910,2023-II-7,2023,7,928,1092.0,False,2116,0.8,6360,107,6467
911,2023-II-8,2023,8,24,7.0,False,1651,1.0,7182,117,7299
912,2023-II-9,2023,9,33,145.0,False,1751,0.4,6567,202,6769
913,2023-II-10,2023,10,144,55.0,False,1542,0.8,5906,218,6124
914,2023-II-11,2023,11,81,1.0,False,1719,1.0,4691,98,4789
915,2023-II-12,2023,12,247,19.0,False,1822,1.0,8597,176,8773
916,2023-II-13,2023,13,167,0.0,False,1551,1.0,7605,104,7709
917,2023-II-14,2023,14,751,449.0,False,1036,1.0,3853,559,4412
918,2023-II-15,2023,15,363,500.0,False,1702,0.8,7152,113,7265
919,2024-II-1,2024,1,73,73.0,True,2267,1.0,10897,156,11053
920,2024-II-2,2024,2,236,216.0,False,2040,0.8,7298,116,7414
921,2024-II-3,2024,3,45,0.0,False,1652,1.0,6859,177,7036
922,2024-II-4,2024,4,33,16.0,False,1901,1.0,10635,182,10817
923,2024-II-5,2024,5,80,100.0,False,2987,1.0,9505,120,9625
924,2024-II-6,2024,6,55,31.0,False,3445,1.0,11596,106,11702
925,2024-II-7,2024,7,699,1000.0,False,2372,1.0,10012,113,10125
926,2024-II-8,2024,8,127,11.0,False,1465,1.0,5091,414,5505
927,2024-II-10,2024,10,468,432.0,False,1975,1.0,8321,99,8420
928,2024-II-11,2024,11,601,3.0,False,1641,0.6,6583,114,6697
929,2024-II-12,2024,12,23,23.0,True,2346,1.0,11127,210,11337
930,2024-II-13,2024,13,321,192.0,False,1407,1.0,6590,100,6690
931,2024-II-14,2024,14,211,15.0,False,1399,1.0,4837,162,4999
932,2024-II-15,2024,15,315,15.0,False,974,1.0,3207,213,3420
